freq,unit,s_adj,na_item,geo,time,values
Q,CLV20_MEUR,SCA,P31_S14,BE,1978-01-01,NA
Q,CLV20_MEUR,SCA,P31_S14,BE,1978-04-01,NA
Q,CLV20_MEUR,SCA,P31_S14,BE,1978-07-01,NA
Q,CLV20_MEUR,SCA,P31_S14,BE,1978-10-01,NA
Q,CLV20_MEUR,SCA,P31_S14,BE,1979-01-01,NA
Q,CLV20_MEUR,SCA,P31_S14,BE,1979-04-01,NA
Q,CLV20_MEUR,SCA,P31_S14,BE,1979-07-01,NA
Q,CLV20_MEUR,SCA,P31_S14,BE,1979-10-01,NA
Q,CLV20_MEUR,SCA,P31_S14,BE,1980-01-01,NA
Q,CLV20_MEUR,SCA,P31_S14,BE,1980-04-01,NA
Q,CLV20_MEUR,SCA,P31_S14,BE,1980-07-01,NA
Q,CLV20_MEUR,SCA,P31_S14,BE,1980-10-01,NA
Q,CLV20_MEUR,SCA,P31_S14,BE,1981-01-01,NA
Q,CLV20_MEUR,SCA,P31_S14,BE,1981-04-01,NA
Q,CLV20_MEUR,SCA,P31_S14,BE,1981-07-01,NA
Q,CLV20_MEUR,SCA,P31_S14,BE,1981-10-01,NA
Q,CLV20_MEUR,SCA,P31_S14,BE,1982-01-01,NA
Q,CLV20_MEUR,SCA,P31_S14,BE,1982-04-01,NA
Q,CLV20_MEUR,SCA,P31_S14,BE,1982-07-01,NA
Q,CLV20_MEUR,SCA,P31_S14,BE,1982-10-01,NA
Q,CLV20_MEUR,SCA,P31_S14,BE,1983-01-01,NA
Q,CLV20_MEUR,SCA,P31_S14,BE,1983-04-01,NA
Q,CLV20_MEUR,SCA,P31_S14,BE,1983-07-01,NA
Q,CLV20_MEUR,SCA,P31_S14,BE,1983-10-01,NA
Q,CLV20_MEUR,SCA,P31_S14,BE,1984-01-01,NA
Q,CLV20_MEUR,SCA,P31_S14,BE,1984-04-01,NA
Q,CLV20_MEUR,SCA,P31_S14,BE,1984-07-01,NA
Q,CLV20_MEUR,SCA,P31_S14,BE,1984-10-01,NA
Q,CLV20_MEUR,SCA,P31_S14,BE,1985-01-01,NA
Q,CLV20_MEUR,SCA,P31_S14,BE,1985-04-01,NA
Q,CLV20_MEUR,SCA,P31_S14,BE,1985-07-01,NA
Q,CLV20_MEUR,SCA,P31_S14,BE,1985-10-01,NA
Q,CLV20_MEUR,SCA,P31_S14,BE,1986-01-01,NA
Q,CLV20_MEUR,SCA,P31_S14,BE,1986-04-01,NA
Q,CLV20_MEUR,SCA,P31_S14,BE,1986-07-01,NA
Q,CLV20_MEUR,SCA,P31_S14,BE,1986-10-01,NA
Q,CLV20_MEUR,SCA,P31_S14,BE,1987-01-01,NA
Q,CLV20_MEUR,SCA,P31_S14,BE,1987-04-01,NA
Q,CLV20_MEUR,SCA,P31_S14,BE,1987-07-01,NA
Q,CLV20_MEUR,SCA,P31_S14,BE,1987-10-01,NA
Q,CLV20_MEUR,SCA,P31_S14,BE,1988-01-01,NA
Q,CLV20_MEUR,SCA,P31_S14,BE,1988-04-01,NA
Q,CLV20_MEUR,SCA,P31_S14,BE,1988-07-01,NA
Q,CLV20_MEUR,SCA,P31_S14,BE,1988-10-01,NA
Q,CLV20_MEUR,SCA,P31_S14,BE,1989-01-01,NA
Q,CLV20_MEUR,SCA,P31_S14,BE,1989-04-01,NA
Q,CLV20_MEUR,SCA,P31_S14,BE,1989-07-01,NA
Q,CLV20_MEUR,SCA,P31_S14,BE,1989-10-01,NA
Q,CLV20_MEUR,SCA,P31_S14,BE,1990-01-01,NA
Q,CLV20_MEUR,SCA,P31_S14,BE,1990-04-01,NA
Q,CLV20_MEUR,SCA,P31_S14,BE,1990-07-01,NA
Q,CLV20_MEUR,SCA,P31_S14,BE,1990-10-01,NA
Q,CLV20_MEUR,SCA,P31_S14,BE,1991-01-01,NA
Q,CLV20_MEUR,SCA,P31_S14,BE,1991-04-01,NA
Q,CLV20_MEUR,SCA,P31_S14,BE,1991-07-01,NA
Q,CLV20_MEUR,SCA,P31_S14,BE,1991-10-01,NA
Q,CLV20_MEUR,SCA,P31_S14,BE,1992-01-01,NA
Q,CLV20_MEUR,SCA,P31_S14,BE,1992-04-01,NA
Q,CLV20_MEUR,SCA,P31_S14,BE,1992-07-01,NA
Q,CLV20_MEUR,SCA,P31_S14,BE,1992-10-01,NA
Q,CLV20_MEUR,SCA,P31_S14,BE,1993-01-01,NA
Q,CLV20_MEUR,SCA,P31_S14,BE,1993-04-01,NA
Q,CLV20_MEUR,SCA,P31_S14,BE,1993-07-01,NA
Q,CLV20_MEUR,SCA,P31_S14,BE,1993-10-01,NA
Q,CLV20_MEUR,SCA,P31_S14,BE,1994-01-01,NA
Q,CLV20_MEUR,SCA,P31_S14,BE,1994-04-01,NA
Q,CLV20_MEUR,SCA,P31_S14,BE,1994-07-01,NA
Q,CLV20_MEUR,SCA,P31_S14,BE,1994-10-01,NA
Q,CLV20_MEUR,SCA,P31_S14,BE,1995-01-01,40549.4
Q,CLV20_MEUR,SCA,P31_S14,BE,1995-04-01,40887.2
Q,CLV20_MEUR,SCA,P31_S14,BE,1995-07-01,41198.6
Q,CLV20_MEUR,SCA,P31_S14,BE,1995-10-01,41448.1
Q,CLV20_MEUR,SCA,P31_S14,BE,1996-01-01,41508.4
Q,CLV20_MEUR,SCA,P31_S14,BE,1996-04-01,41796.7
Q,CLV20_MEUR,SCA,P31_S14,BE,1996-07-01,41983.2
Q,CLV20_MEUR,SCA,P31_S14,BE,1996-10-01,41989.8
Q,CLV20_MEUR,SCA,P31_S14,BE,1997-01-01,42122.2
Q,CLV20_MEUR,SCA,P31_S14,BE,1997-04-01,42420.9
Q,CLV20_MEUR,SCA,P31_S14,BE,1997-07-01,42696.1
Q,CLV20_MEUR,SCA,P31_S14,BE,1997-10-01,42843.7
Q,CLV20_MEUR,SCA,P31_S14,BE,1998-01-01,43283.8
Q,CLV20_MEUR,SCA,P31_S14,BE,1998-04-01,43799.6
Q,CLV20_MEUR,SCA,P31_S14,BE,1998-07-01,44190.2
Q,CLV20_MEUR,SCA,P31_S14,BE,1998-10-01,44323.7
Q,CLV20_MEUR,SCA,P31_S14,BE,1999-01-01,44389
Q,CLV20_MEUR,SCA,P31_S14,BE,1999-04-01,44665
Q,CLV20_MEUR,SCA,P31_S14,BE,1999-07-01,45003.6
Q,CLV20_MEUR,SCA,P31_S14,BE,1999-10-01,45215.8
Q,CLV20_MEUR,SCA,P31_S14,BE,2000-01-01,45585.3
Q,CLV20_MEUR,SCA,P31_S14,BE,2000-04-01,45874
Q,CLV20_MEUR,SCA,P31_S14,BE,2000-07-01,46209.2
Q,CLV20_MEUR,SCA,P31_S14,BE,2000-10-01,46601.3
Q,CLV20_MEUR,SCA,P31_S14,BE,2001-01-01,46706.7
Q,CLV20_MEUR,SCA,P31_S14,BE,2001-04-01,46636.2
Q,CLV20_MEUR,SCA,P31_S14,BE,2001-07-01,46399.7
Q,CLV20_MEUR,SCA,P31_S14,BE,2001-10-01,46188.8
Q,CLV20_MEUR,SCA,P31_S14,BE,2002-01-01,46338.6
Q,CLV20_MEUR,SCA,P31_S14,BE,2002-04-01,46513.4
Q,CLV20_MEUR,SCA,P31_S14,BE,2002-07-01,46747.8
Q,CLV20_MEUR,SCA,P31_S14,BE,2002-10-01,46971.8
Q,CLV20_MEUR,SCA,P31_S14,BE,2003-01-01,46839.3
Q,CLV20_MEUR,SCA,P31_S14,BE,2003-04-01,46778.7
Q,CLV20_MEUR,SCA,P31_S14,BE,2003-07-01,46875.4
Q,CLV20_MEUR,SCA,P31_S14,BE,2003-10-01,47299.8
Q,CLV20_MEUR,SCA,P31_S14,BE,2004-01-01,47476.8
Q,CLV20_MEUR,SCA,P31_S14,BE,2004-04-01,47496
Q,CLV20_MEUR,SCA,P31_S14,BE,2004-07-01,47498.3
Q,CLV20_MEUR,SCA,P31_S14,BE,2004-10-01,47687
Q,CLV20_MEUR,SCA,P31_S14,BE,2005-01-01,47746.2
Q,CLV20_MEUR,SCA,P31_S14,BE,2005-04-01,47887
Q,CLV20_MEUR,SCA,P31_S14,BE,2005-07-01,48283.3
Q,CLV20_MEUR,SCA,P31_S14,BE,2005-10-01,48658.7
Q,CLV20_MEUR,SCA,P31_S14,BE,2006-01-01,48834
Q,CLV20_MEUR,SCA,P31_S14,BE,2006-04-01,48881.4
Q,CLV20_MEUR,SCA,P31_S14,BE,2006-07-01,49046.6
Q,CLV20_MEUR,SCA,P31_S14,BE,2006-10-01,49290.1
Q,CLV20_MEUR,SCA,P31_S14,BE,2007-01-01,49609.6
Q,CLV20_MEUR,SCA,P31_S14,BE,2007-04-01,49862.2
Q,CLV20_MEUR,SCA,P31_S14,BE,2007-07-01,50154.9
Q,CLV20_MEUR,SCA,P31_S14,BE,2007-10-01,50302.4
Q,CLV20_MEUR,SCA,P31_S14,BE,2008-01-01,50744
Q,CLV20_MEUR,SCA,P31_S14,BE,2008-04-01,50892.1
Q,CLV20_MEUR,SCA,P31_S14,BE,2008-07-01,50632
Q,CLV20_MEUR,SCA,P31_S14,BE,2008-10-01,50136.4
Q,CLV20_MEUR,SCA,P31_S14,BE,2009-01-01,50032.1
Q,CLV20_MEUR,SCA,P31_S14,BE,2009-04-01,50640.9
Q,CLV20_MEUR,SCA,P31_S14,BE,2009-07-01,51398.9
Q,CLV20_MEUR,SCA,P31_S14,BE,2009-10-01,52107.4
Q,CLV20_MEUR,SCA,P31_S14,BE,2010-01-01,52617.3
Q,CLV20_MEUR,SCA,P31_S14,BE,2010-04-01,52885.3
Q,CLV20_MEUR,SCA,P31_S14,BE,2010-07-01,52859.2
Q,CLV20_MEUR,SCA,P31_S14,BE,2010-10-01,53120.7
Q,CLV20_MEUR,SCA,P31_S14,BE,2011-01-01,52991
Q,CLV20_MEUR,SCA,P31_S14,BE,2011-04-01,53051.2
Q,CLV20_MEUR,SCA,P31_S14,BE,2011-07-01,53239.4
Q,CLV20_MEUR,SCA,P31_S14,BE,2011-10-01,53675.3
Q,CLV20_MEUR,SCA,P31_S14,BE,2012-01-01,53662.9
Q,CLV20_MEUR,SCA,P31_S14,BE,2012-04-01,53773.8
Q,CLV20_MEUR,SCA,P31_S14,BE,2012-07-01,54094
Q,CLV20_MEUR,SCA,P31_S14,BE,2012-10-01,54402.1
Q,CLV20_MEUR,SCA,P31_S14,BE,2013-01-01,54346.7
Q,CLV20_MEUR,SCA,P31_S14,BE,2013-04-01,54586.2
Q,CLV20_MEUR,SCA,P31_S14,BE,2013-07-01,54802.2
Q,CLV20_MEUR,SCA,P31_S14,BE,2013-10-01,54806.5
Q,CLV20_MEUR,SCA,P31_S14,BE,2014-01-01,54841.1
Q,CLV20_MEUR,SCA,P31_S14,BE,2014-04-01,54922.5
Q,CLV20_MEUR,SCA,P31_S14,BE,2014-07-01,55018.8
Q,CLV20_MEUR,SCA,P31_S14,BE,2014-10-01,55425.8
Q,CLV20_MEUR,SCA,P31_S14,BE,2015-01-01,55589
Q,CLV20_MEUR,SCA,P31_S14,BE,2015-04-01,55975.1
Q,CLV20_MEUR,SCA,P31_S14,BE,2015-07-01,56195.7
Q,CLV20_MEUR,SCA,P31_S14,BE,2015-10-01,56324.5
Q,CLV20_MEUR,SCA,P31_S14,BE,2016-01-01,56315.3
Q,CLV20_MEUR,SCA,P31_S14,BE,2016-04-01,56533.8
Q,CLV20_MEUR,SCA,P31_S14,BE,2016-07-01,56890.7
Q,CLV20_MEUR,SCA,P31_S14,BE,2016-10-01,57387
Q,CLV20_MEUR,SCA,P31_S14,BE,2017-01-01,57571.8
Q,CLV20_MEUR,SCA,P31_S14,BE,2017-04-01,58002.9
Q,CLV20_MEUR,SCA,P31_S14,BE,2017-07-01,58089.5
Q,CLV20_MEUR,SCA,P31_S14,BE,2017-10-01,58151.4
Q,CLV20_MEUR,SCA,P31_S14,BE,2018-01-01,58516.6
Q,CLV20_MEUR,SCA,P31_S14,BE,2018-04-01,58838.9
Q,CLV20_MEUR,SCA,P31_S14,BE,2018-07-01,58670.9
Q,CLV20_MEUR,SCA,P31_S14,BE,2018-10-01,58702.8
Q,CLV20_MEUR,SCA,P31_S14,BE,2019-01-01,58704.7
Q,CLV20_MEUR,SCA,P31_S14,BE,2019-04-01,59132
Q,CLV20_MEUR,SCA,P31_S14,BE,2019-07-01,59647.2
Q,CLV20_MEUR,SCA,P31_S14,BE,2019-10-01,59978.9
Q,CLV20_MEUR,SCA,P31_S14,BE,2020-01-01,57126.6
Q,CLV20_MEUR,SCA,P31_S14,BE,2020-04-01,50639.8
Q,CLV20_MEUR,SCA,P31_S14,BE,2020-07-01,59386.8
Q,CLV20_MEUR,SCA,P31_S14,BE,2020-10-01,55075.2
Q,CLV20_MEUR,SCA,P31_S14,BE,2021-01-01,55979.5
Q,CLV20_MEUR,SCA,P31_S14,BE,2021-04-01,57845.5
Q,CLV20_MEUR,SCA,P31_S14,BE,2021-07-01,59668.3
Q,CLV20_MEUR,SCA,P31_S14,BE,2021-10-01,59916.9
Q,CLV20_MEUR,SCA,P31_S14,BE,2022-01-01,59591.4
Q,CLV20_MEUR,SCA,P31_S14,BE,2022-04-01,60005.7
Q,CLV20_MEUR,SCA,P31_S14,BE,2022-07-01,60291.4
Q,CLV20_MEUR,SCA,P31_S14,BE,2022-10-01,60141.1
Q,CLV20_MEUR,SCA,P31_S14,BE,2023-01-01,60407.5
Q,CLV20_MEUR,SCA,P31_S14,BE,2023-04-01,60611.9
Q,CLV20_MEUR,SCA,P31_S14,BE,2023-07-01,60360
Q,CLV20_MEUR,SCA,P31_S14,BE,2023-10-01,60585.6
Q,CLV20_MEUR,SCA,P31_S14,BE,2024-01-01,60940.8
Q,CLV20_MEUR,SCA,P31_S14,BE,2024-04-01,60858.6
Q,CLV20_MEUR,SCA,P31_S14,BE,2024-07-01,61256
Q,CLV20_MEUR,SCA,P31_S14,BE,2024-10-01,61720.9
Q,CLV20_MEUR,SCA,P31_S14,BE,2025-01-01,62035.3
Q,CLV20_MEUR,SCA,P31_S14,BE,2025-04-01,62262.5
Q,CLV20_MEUR,SCA,P31_S14,BE,2025-07-01,62107.1
Q,CLV20_MEUR,SCA,P31_S14,BE,2025-10-01,62008.1
Q,CLV20_MEUR,SCA,P31_S14,BE,2026-01-01,62610.1
Q,CLV20_MEUR,SCA,P31_S14,BE,2026-04-01,62839.5
Q,CLV20_MEUR,SCA,P31_S14,DK,1978-01-01,NA
Q,CLV20_MEUR,SCA,P31_S14,DK,1978-04-01,NA
Q,CLV20_MEUR,SCA,P31_S14,DK,1978-07-01,NA
Q,CLV20_MEUR,SCA,P31_S14,DK,1978-10-01,NA
Q,CLV20_MEUR,SCA,P31_S14,DK,1979-01-01,NA
Q,CLV20_MEUR,SCA,P31_S14,DK,1979-04-01,NA
Q,CLV20_MEUR,SCA,P31_S14,DK,1979-07-01,NA
Q,CLV20_MEUR,SCA,P31_S14,DK,1979-10-01,NA
Q,CLV20_MEUR,SCA,P31_S14,DK,1980-01-01,NA
Q,CLV20_MEUR,SCA,P31_S14,DK,1980-04-01,NA
Q,CLV20_MEUR,SCA,P31_S14,DK,1980-07-01,NA
Q,CLV20_MEUR,SCA,P31_S14,DK,1980-10-01,NA
Q,CLV20_MEUR,SCA,P31_S14,DK,1981-01-01,NA
Q,CLV20_MEUR,SCA,P31_S14,DK,1981-04-01,NA
Q,CLV20_MEUR,SCA,P31_S14,DK,1981-07-01,NA
Q,CLV20_MEUR,SCA,P31_S14,DK,1981-10-01,NA
Q,CLV20_MEUR,SCA,P31_S14,DK,1982-01-01,NA
Q,CLV20_MEUR,SCA,P31_S14,DK,1982-04-01,NA
Q,CLV20_MEUR,SCA,P31_S14,DK,1982-07-01,NA
Q,CLV20_MEUR,SCA,P31_S14,DK,1982-10-01,NA
Q,CLV20_MEUR,SCA,P31_S14,DK,1983-01-01,NA
Q,CLV20_MEUR,SCA,P31_S14,DK,1983-04-01,NA
Q,CLV20_MEUR,SCA,P31_S14,DK,1983-07-01,NA
Q,CLV20_MEUR,SCA,P31_S14,DK,1983-10-01,NA
Q,CLV20_MEUR,SCA,P31_S14,DK,1984-01-01,NA
Q,CLV20_MEUR,SCA,P31_S14,DK,1984-04-01,NA
Q,CLV20_MEUR,SCA,P31_S14,DK,1984-07-01,NA
Q,CLV20_MEUR,SCA,P31_S14,DK,1984-10-01,NA
Q,CLV20_MEUR,SCA,P31_S14,DK,1985-01-01,NA
Q,CLV20_MEUR,SCA,P31_S14,DK,1985-04-01,NA
Q,CLV20_MEUR,SCA,P31_S14,DK,1985-07-01,NA
Q,CLV20_MEUR,SCA,P31_S14,DK,1985-10-01,NA
Q,CLV20_MEUR,SCA,P31_S14,DK,1986-01-01,NA
Q,CLV20_MEUR,SCA,P31_S14,DK,1986-04-01,NA
Q,CLV20_MEUR,SCA,P31_S14,DK,1986-07-01,NA
Q,CLV20_MEUR,SCA,P31_S14,DK,1986-10-01,NA
Q,CLV20_MEUR,SCA,P31_S14,DK,1987-01-01,NA
Q,CLV20_MEUR,SCA,P31_S14,DK,1987-04-01,NA
Q,CLV20_MEUR,SCA,P31_S14,DK,1987-07-01,NA
Q,CLV20_MEUR,SCA,P31_S14,DK,1987-10-01,NA
Q,CLV20_MEUR,SCA,P31_S14,DK,1988-01-01,NA
Q,CLV20_MEUR,SCA,P31_S14,DK,1988-04-01,NA
Q,CLV20_MEUR,SCA,P31_S14,DK,1988-07-01,NA
Q,CLV20_MEUR,SCA,P31_S14,DK,1988-10-01,NA
Q,CLV20_MEUR,SCA,P31_S14,DK,1989-01-01,NA
Q,CLV20_MEUR,SCA,P31_S14,DK,1989-04-01,NA
Q,CLV20_MEUR,SCA,P31_S14,DK,1989-07-01,NA
Q,CLV20_MEUR,SCA,P31_S14,DK,1989-10-01,NA
Q,CLV20_MEUR,SCA,P31_S14,DK,1990-01-01,NA
Q,CLV20_MEUR,SCA,P31_S14,DK,1990-04-01,NA
Q,CLV20_MEUR,SCA,P31_S14,DK,1990-07-01,NA
Q,CLV20_MEUR,SCA,P31_S14,DK,1990-10-01,NA
Q,CLV20_MEUR,SCA,P31_S14,DK,1991-01-01,NA
Q,CLV20_MEUR,SCA,P31_S14,DK,1991-04-01,NA
Q,CLV20_MEUR,SCA,P31_S14,DK,1991-07-01,NA
Q,CLV20_MEUR,SCA,P31_S14,DK,1991-10-01,NA
Q,CLV20_MEUR,SCA,P31_S14,DK,1992-01-01,NA
Q,CLV20_MEUR,SCA,P31_S14,DK,1992-04-01,NA
Q,CLV20_MEUR,SCA,P31_S14,DK,1992-07-01,NA
Q,CLV20_MEUR,SCA,P31_S14,DK,1992-10-01,NA
Q,CLV20_MEUR,SCA,P31_S14,DK,1993-01-01,NA
Q,CLV20_MEUR,SCA,P31_S14,DK,1993-04-01,NA
Q,CLV20_MEUR,SCA,P31_S14,DK,1993-07-01,NA
Q,CLV20_MEUR,SCA,P31_S14,DK,1993-10-01,NA
Q,CLV20_MEUR,SCA,P31_S14,DK,1994-01-01,NA
Q,CLV20_MEUR,SCA,P31_S14,DK,1994-04-01,NA
Q,CLV20_MEUR,SCA,P31_S14,DK,1994-07-01,NA
Q,CLV20_MEUR,SCA,P31_S14,DK,1994-10-01,NA
Q,CLV20_MEUR,SCA,P31_S14,DK,1995-01-01,NA
Q,CLV20_MEUR,SCA,P31_S14,DK,1995-04-01,NA
Q,CLV20_MEUR,SCA,P31_S14,DK,1995-07-01,NA
Q,CLV20_MEUR,SCA,P31_S14,DK,1995-10-01,NA
Q,CLV20_MEUR,SCA,P31_S14,DK,1996-01-01,25255.3
Q,CLV20_MEUR,SCA,P31_S14,DK,1996-04-01,25327.3
Q,CLV20_MEUR,SCA,P31_S14,DK,1996-07-01,25294.2
Q,CLV20_MEUR,SCA,P31_S14,DK,1996-10-01,25294.8
Q,CLV20_MEUR,SCA,P31_S14,DK,1997-01-01,25659.2
Q,CLV20_MEUR,SCA,P31_S14,DK,1997-04-01,26104.7
Q,CLV20_MEUR,SCA,P31_S14,DK,1997-07-01,25689.4
Q,CLV20_MEUR,SCA,P31_S14,DK,1997-10-01,26421.1
Q,CLV20_MEUR,SCA,P31_S14,DK,1998-01-01,26274.7
Q,CLV20_MEUR,SCA,P31_S14,DK,1998-04-01,26383.9
Q,CLV20_MEUR,SCA,P31_S14,DK,1998-07-01,26696.3
Q,CLV20_MEUR,SCA,P31_S14,DK,1998-10-01,26972.1
Q,CLV20_MEUR,SCA,P31_S14,DK,1999-01-01,26608.6
Q,CLV20_MEUR,SCA,P31_S14,DK,1999-04-01,26420.9
Q,CLV20_MEUR,SCA,P31_S14,DK,1999-07-01,26640.8
Q,CLV20_MEUR,SCA,P31_S14,DK,1999-10-01,26793.8
Q,CLV20_MEUR,SCA,P31_S14,DK,2000-01-01,26752.2
Q,CLV20_MEUR,SCA,P31_S14,DK,2000-04-01,26782.1
Q,CLV20_MEUR,SCA,P31_S14,DK,2000-07-01,26892.2
Q,CLV20_MEUR,SCA,P31_S14,DK,2000-10-01,26744.1
Q,CLV20_MEUR,SCA,P31_S14,DK,2001-01-01,26832.2
Q,CLV20_MEUR,SCA,P31_S14,DK,2001-04-01,27112.2
Q,CLV20_MEUR,SCA,P31_S14,DK,2001-07-01,27010.3
Q,CLV20_MEUR,SCA,P31_S14,DK,2001-10-01,26927.5
Q,CLV20_MEUR,SCA,P31_S14,DK,2002-01-01,27355.2
Q,CLV20_MEUR,SCA,P31_S14,DK,2002-04-01,27196.5
Q,CLV20_MEUR,SCA,P31_S14,DK,2002-07-01,27416.9
Q,CLV20_MEUR,SCA,P31_S14,DK,2002-10-01,27489
Q,CLV20_MEUR,SCA,P31_S14,DK,2003-01-01,27327.5
Q,CLV20_MEUR,SCA,P31_S14,DK,2003-04-01,27454.5
Q,CLV20_MEUR,SCA,P31_S14,DK,2003-07-01,27679.7
Q,CLV20_MEUR,SCA,P31_S14,DK,2003-10-01,28130.6
Q,CLV20_MEUR,SCA,P31_S14,DK,2004-01-01,28448.7
Q,CLV20_MEUR,SCA,P31_S14,DK,2004-04-01,28607.1
Q,CLV20_MEUR,SCA,P31_S14,DK,2004-07-01,29228.4
Q,CLV20_MEUR,SCA,P31_S14,DK,2004-10-01,29963.3
Q,CLV20_MEUR,SCA,P31_S14,DK,2005-01-01,29524.6
Q,CLV20_MEUR,SCA,P31_S14,DK,2005-04-01,30297.9
Q,CLV20_MEUR,SCA,P31_S14,DK,2005-07-01,30750.4
Q,CLV20_MEUR,SCA,P31_S14,DK,2005-10-01,30544.5
Q,CLV20_MEUR,SCA,P31_S14,DK,2006-01-01,31076.1
Q,CLV20_MEUR,SCA,P31_S14,DK,2006-04-01,31427.7
Q,CLV20_MEUR,SCA,P31_S14,DK,2006-07-01,30815.2
Q,CLV20_MEUR,SCA,P31_S14,DK,2006-10-01,31142.6
Q,CLV20_MEUR,SCA,P31_S14,DK,2007-01-01,31337.4
Q,CLV20_MEUR,SCA,P31_S14,DK,2007-04-01,31381.2
Q,CLV20_MEUR,SCA,P31_S14,DK,2007-07-01,31766.6
Q,CLV20_MEUR,SCA,P31_S14,DK,2007-10-01,32104.3
Q,CLV20_MEUR,SCA,P31_S14,DK,2008-01-01,32211.9
Q,CLV20_MEUR,SCA,P31_S14,DK,2008-04-01,32202.1
Q,CLV20_MEUR,SCA,P31_S14,DK,2008-07-01,31675.6
Q,CLV20_MEUR,SCA,P31_S14,DK,2008-10-01,30510
Q,CLV20_MEUR,SCA,P31_S14,DK,2009-01-01,30096
Q,CLV20_MEUR,SCA,P31_S14,DK,2009-04-01,30384.3
Q,CLV20_MEUR,SCA,P31_S14,DK,2009-07-01,30430.4
Q,CLV20_MEUR,SCA,P31_S14,DK,2009-10-01,30282.5
Q,CLV20_MEUR,SCA,P31_S14,DK,2010-01-01,30824.9
Q,CLV20_MEUR,SCA,P31_S14,DK,2010-04-01,30564.7
Q,CLV20_MEUR,SCA,P31_S14,DK,2010-07-01,30736.9
Q,CLV20_MEUR,SCA,P31_S14,DK,2010-10-01,30930.8
Q,CLV20_MEUR,SCA,P31_S14,DK,2011-01-01,30562.3
Q,CLV20_MEUR,SCA,P31_S14,DK,2011-04-01,30955.5
Q,CLV20_MEUR,SCA,P31_S14,DK,2011-07-01,30991.8
Q,CLV20_MEUR,SCA,P31_S14,DK,2011-10-01,31020.5
Q,CLV20_MEUR,SCA,P31_S14,DK,2012-01-01,30827.3
Q,CLV20_MEUR,SCA,P31_S14,DK,2012-04-01,30941.7
Q,CLV20_MEUR,SCA,P31_S14,DK,2012-07-01,30871.2
Q,CLV20_MEUR,SCA,P31_S14,DK,2012-10-01,31163.9
Q,CLV20_MEUR,SCA,P31_S14,DK,2013-01-01,31467.1
Q,CLV20_MEUR,SCA,P31_S14,DK,2013-04-01,31505.5
Q,CLV20_MEUR,SCA,P31_S14,DK,2013-07-01,31527.8
Q,CLV20_MEUR,SCA,P31_S14,DK,2013-10-01,31558.1
Q,CLV20_MEUR,SCA,P31_S14,DK,2014-01-01,31187.4
Q,CLV20_MEUR,SCA,P31_S14,DK,2014-04-01,31430.7
Q,CLV20_MEUR,SCA,P31_S14,DK,2014-07-01,31551.1
Q,CLV20_MEUR,SCA,P31_S14,DK,2014-10-01,31699.1
Q,CLV20_MEUR,SCA,P31_S14,DK,2015-01-01,31669.4
Q,CLV20_MEUR,SCA,P31_S14,DK,2015-04-01,31983.9
Q,CLV20_MEUR,SCA,P31_S14,DK,2015-07-01,32486.8
Q,CLV20_MEUR,SCA,P31_S14,DK,2015-10-01,32650
Q,CLV20_MEUR,SCA,P31_S14,DK,2016-01-01,33203.1
Q,CLV20_MEUR,SCA,P31_S14,DK,2016-04-01,33299.1
Q,CLV20_MEUR,SCA,P31_S14,DK,2016-07-01,33335.9
Q,CLV20_MEUR,SCA,P31_S14,DK,2016-10-01,33699.1
Q,CLV20_MEUR,SCA,P31_S14,DK,2017-01-01,34060.2
Q,CLV20_MEUR,SCA,P31_S14,DK,2017-04-01,34271.3
Q,CLV20_MEUR,SCA,P31_S14,DK,2017-07-01,34374.2
Q,CLV20_MEUR,SCA,P31_S14,DK,2017-10-01,34918.4
Q,CLV20_MEUR,SCA,P31_S14,DK,2018-01-01,35545.9
Q,CLV20_MEUR,SCA,P31_S14,DK,2018-04-01,35912.6
Q,CLV20_MEUR,SCA,P31_S14,DK,2018-07-01,35750.1
Q,CLV20_MEUR,SCA,P31_S14,DK,2018-10-01,35635.4
Q,CLV20_MEUR,SCA,P31_S14,DK,2019-01-01,35957.6
Q,CLV20_MEUR,SCA,P31_S14,DK,2019-04-01,36041.9
Q,CLV20_MEUR,SCA,P31_S14,DK,2019-07-01,36260.1
Q,CLV20_MEUR,SCA,P31_S14,DK,2019-10-01,36992.2
Q,CLV20_MEUR,SCA,P31_S14,DK,2020-01-01,36110.9
Q,CLV20_MEUR,SCA,P31_S14,DK,2020-04-01,34219.4
Q,CLV20_MEUR,SCA,P31_S14,DK,2020-07-01,36121.3
Q,CLV20_MEUR,SCA,P31_S14,DK,2020-10-01,36631.1
Q,CLV20_MEUR,SCA,P31_S14,DK,2021-01-01,34996.3
Q,CLV20_MEUR,SCA,P31_S14,DK,2021-04-01,37101.7
Q,CLV20_MEUR,SCA,P31_S14,DK,2021-07-01,38399.5
Q,CLV20_MEUR,SCA,P31_S14,DK,2021-10-01,39539.9
Q,CLV20_MEUR,SCA,P31_S14,DK,2022-01-01,37071.9
Q,CLV20_MEUR,SCA,P31_S14,DK,2022-04-01,37542.4
Q,CLV20_MEUR,SCA,P31_S14,DK,2022-07-01,37385.6
Q,CLV20_MEUR,SCA,P31_S14,DK,2022-10-01,36785
Q,CLV20_MEUR,SCA,P31_S14,DK,2023-01-01,36738.6
Q,CLV20_MEUR,SCA,P31_S14,DK,2023-04-01,36473.9
Q,CLV20_MEUR,SCA,P31_S14,DK,2023-07-01,35939.9
Q,CLV20_MEUR,SCA,P31_S14,DK,2023-10-01,36324.4
Q,CLV20_MEUR,SCA,P31_S14,DK,2024-01-01,36479.8
Q,CLV20_MEUR,SCA,P31_S14,DK,2024-04-01,36740.2
Q,CLV20_MEUR,SCA,P31_S14,DK,2024-07-01,36744.1
Q,CLV20_MEUR,SCA,P31_S14,DK,2024-10-01,37039.5
Q,CLV20_MEUR,SCA,P31_S14,DK,2025-01-01,37167.5
Q,CLV20_MEUR,SCA,P31_S14,DK,2025-04-01,37393
Q,CLV20_MEUR,SCA,P31_S14,DK,2025-07-01,37771.1
Q,CLV20_MEUR,SCA,P31_S14,DK,2025-10-01,38013.4
Q,CLV20_MEUR,SCA,P31_S14,DK,2026-01-01,38182.2
Q,CLV20_MEUR,SCA,P31_S14,DK,2026-04-01,38075
Q,CLV20_MEUR,SCA,P31_S14,DE,1978-01-01,NA
Q,CLV20_MEUR,SCA,P31_S14,DE,1978-04-01,NA
Q,CLV20_MEUR,SCA,P31_S14,DE,1978-07-01,NA
Q,CLV20_MEUR,SCA,P31_S14,DE,1978-10-01,NA
Q,CLV20_MEUR,SCA,P31_S14,DE,1979-01-01,NA
Q,CLV20_MEUR,SCA,P31_S14,DE,1979-04-01,NA
Q,CLV20_MEUR,SCA,P31_S14,DE,1979-07-01,NA
Q,CLV20_MEUR,SCA,P31_S14,DE,1979-10-01,NA
Q,CLV20_MEUR,SCA,P31_S14,DE,1980-01-01,NA
Q,CLV20_MEUR,SCA,P31_S14,DE,1980-04-01,NA
Q,CLV20_MEUR,SCA,P31_S14,DE,1980-07-01,NA
Q,CLV20_MEUR,SCA,P31_S14,DE,1980-10-01,NA
Q,CLV20_MEUR,SCA,P31_S14,DE,1981-01-01,NA
Q,CLV20_MEUR,SCA,P31_S14,DE,1981-04-01,NA
Q,CLV20_MEUR,SCA,P31_S14,DE,1981-07-01,NA
Q,CLV20_MEUR,SCA,P31_S14,DE,1981-10-01,NA
Q,CLV20_MEUR,SCA,P31_S14,DE,1982-01-01,NA
Q,CLV20_MEUR,SCA,P31_S14,DE,1982-04-01,NA
Q,CLV20_MEUR,SCA,P31_S14,DE,1982-07-01,NA
Q,CLV20_MEUR,SCA,P31_S14,DE,1982-10-01,NA
Q,CLV20_MEUR,SCA,P31_S14,DE,1983-01-01,NA
Q,CLV20_MEUR,SCA,P31_S14,DE,1983-04-01,NA
Q,CLV20_MEUR,SCA,P31_S14,DE,1983-07-01,NA
Q,CLV20_MEUR,SCA,P31_S14,DE,1983-10-01,NA
Q,CLV20_MEUR,SCA,P31_S14,DE,1984-01-01,NA
Q,CLV20_MEUR,SCA,P31_S14,DE,1984-04-01,NA
Q,CLV20_MEUR,SCA,P31_S14,DE,1984-07-01,NA
Q,CLV20_MEUR,SCA,P31_S14,DE,1984-10-01,NA
Q,CLV20_MEUR,SCA,P31_S14,DE,1985-01-01,NA
Q,CLV20_MEUR,SCA,P31_S14,DE,1985-04-01,NA
Q,CLV20_MEUR,SCA,P31_S14,DE,1985-07-01,NA
Q,CLV20_MEUR,SCA,P31_S14,DE,1985-10-01,NA
Q,CLV20_MEUR,SCA,P31_S14,DE,1986-01-01,NA
Q,CLV20_MEUR,SCA,P31_S14,DE,1986-04-01,NA
Q,CLV20_MEUR,SCA,P31_S14,DE,1986-07-01,NA
Q,CLV20_MEUR,SCA,P31_S14,DE,1986-10-01,NA
Q,CLV20_MEUR,SCA,P31_S14,DE,1987-01-01,NA
Q,CLV20_MEUR,SCA,P31_S14,DE,1987-04-01,NA
Q,CLV20_MEUR,SCA,P31_S14,DE,1987-07-01,NA
Q,CLV20_MEUR,SCA,P31_S14,DE,1987-10-01,NA
Q,CLV20_MEUR,SCA,P31_S14,DE,1988-01-01,NA
Q,CLV20_MEUR,SCA,P31_S14,DE,1988-04-01,NA
Q,CLV20_MEUR,SCA,P31_S14,DE,1988-07-01,NA
Q,CLV20_MEUR,SCA,P31_S14,DE,1988-10-01,NA
Q,CLV20_MEUR,SCA,P31_S14,DE,1989-01-01,NA
Q,CLV20_MEUR,SCA,P31_S14,DE,1989-04-01,NA
Q,CLV20_MEUR,SCA,P31_S14,DE,1989-07-01,NA
Q,CLV20_MEUR,SCA,P31_S14,DE,1989-10-01,NA
Q,CLV20_MEUR,SCA,P31_S14,DE,1990-01-01,NA
Q,CLV20_MEUR,SCA,P31_S14,DE,1990-04-01,NA
Q,CLV20_MEUR,SCA,P31_S14,DE,1990-07-01,NA
Q,CLV20_MEUR,SCA,P31_S14,DE,1990-10-01,NA
Q,CLV20_MEUR,SCA,P31_S14,DE,1991-01-01,328114
Q,CLV20_MEUR,SCA,P31_S14,DE,1991-04-01,326868.3
Q,CLV20_MEUR,SCA,P31_S14,DE,1991-07-01,322873.7
Q,CLV20_MEUR,SCA,P31_S14,DE,1991-10-01,326310
Q,CLV20_MEUR,SCA,P31_S14,DE,1992-01-01,332709.9
Q,CLV20_MEUR,SCA,P31_S14,DE,1992-04-01,331979.7
Q,CLV20_MEUR,SCA,P31_S14,DE,1992-07-01,334256.2
Q,CLV20_MEUR,SCA,P31_S14,DE,1992-10-01,335244.1
Q,CLV20_MEUR,SCA,P31_S14,DE,1993-01-01,333407.9
Q,CLV20_MEUR,SCA,P31_S14,DE,1993-04-01,331260.2
Q,CLV20_MEUR,SCA,P31_S14,DE,1993-07-01,334352.8
Q,CLV20_MEUR,SCA,P31_S14,DE,1993-10-01,335126
Q,CLV20_MEUR,SCA,P31_S14,DE,1994-01-01,335759.5
Q,CLV20_MEUR,SCA,P31_S14,DE,1994-04-01,336532.7
Q,CLV20_MEUR,SCA,P31_S14,DE,1994-07-01,338078.9
Q,CLV20_MEUR,SCA,P31_S14,DE,1994-10-01,339152.7
Q,CLV20_MEUR,SCA,P31_S14,DE,1995-01-01,338551.4
Q,CLV20_MEUR,SCA,P31_S14,DE,1995-04-01,340913.8
Q,CLV20_MEUR,SCA,P31_S14,DE,1995-07-01,342546
Q,CLV20_MEUR,SCA,P31_S14,DE,1995-10-01,343791.6
Q,CLV20_MEUR,SCA,P31_S14,DE,1996-01-01,346401
Q,CLV20_MEUR,SCA,P31_S14,DE,1996-04-01,347689.5
Q,CLV20_MEUR,SCA,P31_S14,DE,1996-07-01,348763.3
Q,CLV20_MEUR,SCA,P31_S14,DE,1996-10-01,349622.4
Q,CLV20_MEUR,SCA,P31_S14,DE,1997-01-01,350631.8
Q,CLV20_MEUR,SCA,P31_S14,DE,1997-04-01,351791.5
Q,CLV20_MEUR,SCA,P31_S14,DE,1997-07-01,351533.8
Q,CLV20_MEUR,SCA,P31_S14,DE,1997-10-01,353423.8
Q,CLV20_MEUR,SCA,P31_S14,DE,1998-01-01,355528.3
Q,CLV20_MEUR,SCA,P31_S14,DE,1998-04-01,354196.8
Q,CLV20_MEUR,SCA,P31_S14,DE,1998-07-01,357504.2
Q,CLV20_MEUR,SCA,P31_S14,DE,1998-10-01,359737.8
Q,CLV20_MEUR,SCA,P31_S14,DE,1999-01-01,364806
Q,CLV20_MEUR,SCA,P31_S14,DE,1999-04-01,366524.2
Q,CLV20_MEUR,SCA,P31_S14,DE,1999-07-01,367039.6
Q,CLV20_MEUR,SCA,P31_S14,DE,1999-10-01,370390
Q,CLV20_MEUR,SCA,P31_S14,DE,2000-01-01,372688
Q,CLV20_MEUR,SCA,P31_S14,DE,2000-04-01,376639.5
Q,CLV20_MEUR,SCA,P31_S14,DE,2000-07-01,377369.7
Q,CLV20_MEUR,SCA,P31_S14,DE,2000-10-01,375909.3
Q,CLV20_MEUR,SCA,P31_S14,DE,2001-01-01,380505.2
Q,CLV20_MEUR,SCA,P31_S14,DE,2001-04-01,378443.6
Q,CLV20_MEUR,SCA,P31_S14,DE,2001-07-01,380290.5
Q,CLV20_MEUR,SCA,P31_S14,DE,2001-10-01,380848.8
Q,CLV20_MEUR,SCA,P31_S14,DE,2002-01-01,377423.4
Q,CLV20_MEUR,SCA,P31_S14,DE,2002-04-01,375791.2
Q,CLV20_MEUR,SCA,P31_S14,DE,2002-07-01,378325.4
Q,CLV20_MEUR,SCA,P31_S14,DE,2002-10-01,380301.2
Q,CLV20_MEUR,SCA,P31_S14,DE,2003-01-01,379141.5
Q,CLV20_MEUR,SCA,P31_S14,DE,2003-04-01,378754.9
Q,CLV20_MEUR,SCA,P31_S14,DE,2003-07-01,380258.3
Q,CLV20_MEUR,SCA,P31_S14,DE,2003-10-01,381332.1
Q,CLV20_MEUR,SCA,P31_S14,DE,2004-01-01,380741.5
Q,CLV20_MEUR,SCA,P31_S14,DE,2004-04-01,380097.2
Q,CLV20_MEUR,SCA,P31_S14,DE,2004-07-01,379066.3
Q,CLV20_MEUR,SCA,P31_S14,DE,2004-10-01,380956.3
Q,CLV20_MEUR,SCA,P31_S14,DE,2005-01-01,383662.2
Q,CLV20_MEUR,SCA,P31_S14,DE,2005-04-01,385079.7
Q,CLV20_MEUR,SCA,P31_S14,DE,2005-07-01,385036.7
Q,CLV20_MEUR,SCA,P31_S14,DE,2005-10-01,384650.1
Q,CLV20_MEUR,SCA,P31_S14,DE,2006-01-01,388429.9
Q,CLV20_MEUR,SCA,P31_S14,DE,2006-04-01,390792.4
Q,CLV20_MEUR,SCA,P31_S14,DE,2006-07-01,391007.1
Q,CLV20_MEUR,SCA,P31_S14,DE,2006-10-01,394529.3
Q,CLV20_MEUR,SCA,P31_S14,DE,2007-01-01,389149.4
Q,CLV20_MEUR,SCA,P31_S14,DE,2007-04-01,391511.8
Q,CLV20_MEUR,SCA,P31_S14,DE,2007-07-01,390910.5
Q,CLV20_MEUR,SCA,P31_S14,DE,2007-10-01,390266.2
Q,CLV20_MEUR,SCA,P31_S14,DE,2008-01-01,391501
Q,CLV20_MEUR,SCA,P31_S14,DE,2008-04-01,389568.2
Q,CLV20_MEUR,SCA,P31_S14,DE,2008-07-01,389482.3
Q,CLV20_MEUR,SCA,P31_S14,DE,2008-10-01,388236.7
Q,CLV20_MEUR,SCA,P31_S14,DE,2009-01-01,391694.4
Q,CLV20_MEUR,SCA,P31_S14,DE,2009-04-01,393154.8
Q,CLV20_MEUR,SCA,P31_S14,DE,2009-07-01,391608.5
Q,CLV20_MEUR,SCA,P31_S14,DE,2009-10-01,391780.2
Q,CLV20_MEUR,SCA,P31_S14,DE,2010-01-01,390180.3
Q,CLV20_MEUR,SCA,P31_S14,DE,2010-04-01,393144
Q,CLV20_MEUR,SCA,P31_S14,DE,2010-07-01,395549.4
Q,CLV20_MEUR,SCA,P31_S14,DE,2010-10-01,397138.6
Q,CLV20_MEUR,SCA,P31_S14,DE,2011-01-01,396795
Q,CLV20_MEUR,SCA,P31_S14,DE,2011-04-01,397697
Q,CLV20_MEUR,SCA,P31_S14,DE,2011-07-01,399501
Q,CLV20_MEUR,SCA,P31_S14,DE,2011-10-01,400789.5
Q,CLV20_MEUR,SCA,P31_S14,DE,2012-01-01,403055.3
Q,CLV20_MEUR,SCA,P31_S14,DE,2012-04-01,403742.5
Q,CLV20_MEUR,SCA,P31_S14,DE,2012-07-01,404300.9
Q,CLV20_MEUR,SCA,P31_S14,DE,2012-10-01,403828.4
Q,CLV20_MEUR,SCA,P31_S14,DE,2013-01-01,402883.6
Q,CLV20_MEUR,SCA,P31_S14,DE,2013-04-01,405847.2
Q,CLV20_MEUR,SCA,P31_S14,DE,2013-07-01,406963.9
Q,CLV20_MEUR,SCA,P31_S14,DE,2013-10-01,405546.5
Q,CLV20_MEUR,SCA,P31_S14,DE,2014-01-01,407447.2
Q,CLV20_MEUR,SCA,P31_S14,DE,2014-04-01,408392.1
Q,CLV20_MEUR,SCA,P31_S14,DE,2014-07-01,411398.8
Q,CLV20_MEUR,SCA,P31_S14,DE,2014-10-01,414620.2
Q,CLV20_MEUR,SCA,P31_S14,DE,2015-01-01,416070
Q,CLV20_MEUR,SCA,P31_S14,DE,2015-04-01,418947.7
Q,CLV20_MEUR,SCA,P31_S14,DE,2015-07-01,422555.7
Q,CLV20_MEUR,SCA,P31_S14,DE,2015-10-01,423930.1
Q,CLV20_MEUR,SCA,P31_S14,DE,2016-01-01,427559.6
Q,CLV20_MEUR,SCA,P31_S14,DE,2016-04-01,427430.8
Q,CLV20_MEUR,SCA,P31_S14,DE,2016-07-01,429449.6
Q,CLV20_MEUR,SCA,P31_S14,DE,2016-10-01,433787.9
Q,CLV20_MEUR,SCA,P31_S14,DE,2017-01-01,434679.1
Q,CLV20_MEUR,SCA,P31_S14,DE,2017-04-01,437213.3
Q,CLV20_MEUR,SCA,P31_S14,DE,2017-07-01,438501.8
Q,CLV20_MEUR,SCA,P31_S14,DE,2017-10-01,441981
Q,CLV20_MEUR,SCA,P31_S14,DE,2018-01-01,443387.7
Q,CLV20_MEUR,SCA,P31_S14,DE,2018-04-01,445105.8
Q,CLV20_MEUR,SCA,P31_S14,DE,2018-07-01,445277.6
Q,CLV20_MEUR,SCA,P31_S14,DE,2018-10-01,449272.1
Q,CLV20_MEUR,SCA,P31_S14,DE,2019-01-01,452472.1
Q,CLV20_MEUR,SCA,P31_S14,DE,2019-04-01,453288.2
Q,CLV20_MEUR,SCA,P31_S14,DE,2019-07-01,456982.2
Q,CLV20_MEUR,SCA,P31_S14,DE,2019-10-01,456638.6
Q,CLV20_MEUR,SCA,P31_S14,DE,2020-01-01,435999.7
Q,CLV20_MEUR,SCA,P31_S14,DE,2020-04-01,399963.4
Q,CLV20_MEUR,SCA,P31_S14,DE,2020-07-01,442614.2
Q,CLV20_MEUR,SCA,P31_S14,DE,2020-10-01,436601
Q,CLV20_MEUR,SCA,P31_S14,DE,2021-01-01,420633.6
Q,CLV20_MEUR,SCA,P31_S14,DE,2021-04-01,430813.3
Q,CLV20_MEUR,SCA,P31_S14,DE,2021-07-01,447607.7
Q,CLV20_MEUR,SCA,P31_S14,DE,2021-10-01,449540.6
Q,CLV20_MEUR,SCA,P31_S14,DE,2022-01-01,462941.8
Q,CLV20_MEUR,SCA,P31_S14,DE,2022-04-01,461438.4
Q,CLV20_MEUR,SCA,P31_S14,DE,2022-07-01,462898.8
Q,CLV20_MEUR,SCA,P31_S14,DE,2022-10-01,457057.3
Q,CLV20_MEUR,SCA,P31_S14,DE,2023-01-01,458464
Q,CLV20_MEUR,SCA,P31_S14,DE,2023-04-01,460955.2
Q,CLV20_MEUR,SCA,P31_S14,DE,2023-07-01,458549.9
Q,CLV20_MEUR,SCA,P31_S14,DE,2023-10-01,458721.7
Q,CLV20_MEUR,SCA,P31_S14,DE,2024-01-01,464434.4
Q,CLV20_MEUR,SCA,P31_S14,DE,2024-04-01,463274.7
Q,CLV20_MEUR,SCA,P31_S14,DE,2024-07-01,464821
Q,CLV20_MEUR,SCA,P31_S14,DE,2024-10-01,471049
Q,CLV20_MEUR,SCA,P31_S14,DE,2025-01-01,471843.6
Q,CLV20_MEUR,SCA,P31_S14,DE,2025-04-01,471113.5
Q,CLV20_MEUR,SCA,P31_S14,DE,2025-07-01,471371.2
Q,CLV20_MEUR,SCA,P31_S14,DE,2025-10-01,477427.6
Q,CLV20_MEUR,SCA,P31_S14,DE,2026-01-01,473518.9
Q,CLV20_MEUR,SCA,P31_S14,DE,2026-04-01,472874.6
Q,CLV20_MEUR,SCA,P31_S14,ES,1978-01-01,NA
Q,CLV20_MEUR,SCA,P31_S14,ES,1978-04-01,NA
Q,CLV20_MEUR,SCA,P31_S14,ES,1978-07-01,NA
Q,CLV20_MEUR,SCA,P31_S14,ES,1978-10-01,NA
Q,CLV20_MEUR,SCA,P31_S14,ES,1979-01-01,NA
Q,CLV20_MEUR,SCA,P31_S14,ES,1979-04-01,NA
Q,CLV20_MEUR,SCA,P31_S14,ES,1979-07-01,NA
Q,CLV20_MEUR,SCA,P31_S14,ES,1979-10-01,NA
Q,CLV20_MEUR,SCA,P31_S14,ES,1980-01-01,NA
Q,CLV20_MEUR,SCA,P31_S14,ES,1980-04-01,NA
Q,CLV20_MEUR,SCA,P31_S14,ES,1980-07-01,NA
Q,CLV20_MEUR,SCA,P31_S14,ES,1980-10-01,NA
Q,CLV20_MEUR,SCA,P31_S14,ES,1981-01-01,NA
Q,CLV20_MEUR,SCA,P31_S14,ES,1981-04-01,NA
Q,CLV20_MEUR,SCA,P31_S14,ES,1981-07-01,NA
Q,CLV20_MEUR,SCA,P31_S14,ES,1981-10-01,NA
Q,CLV20_MEUR,SCA,P31_S14,ES,1982-01-01,NA
Q,CLV20_MEUR,SCA,P31_S14,ES,1982-04-01,NA
Q,CLV20_MEUR,SCA,P31_S14,ES,1982-07-01,NA
Q,CLV20_MEUR,SCA,P31_S14,ES,1982-10-01,NA
Q,CLV20_MEUR,SCA,P31_S14,ES,1983-01-01,NA
Q,CLV20_MEUR,SCA,P31_S14,ES,1983-04-01,NA
Q,CLV20_MEUR,SCA,P31_S14,ES,1983-07-01,NA
Q,CLV20_MEUR,SCA,P31_S14,ES,1983-10-01,NA
Q,CLV20_MEUR,SCA,P31_S14,ES,1984-01-01,NA
Q,CLV20_MEUR,SCA,P31_S14,ES,1984-04-01,NA
Q,CLV20_MEUR,SCA,P31_S14,ES,1984-07-01,NA
Q,CLV20_MEUR,SCA,P31_S14,ES,1984-10-01,NA
Q,CLV20_MEUR,SCA,P31_S14,ES,1985-01-01,NA
Q,CLV20_MEUR,SCA,P31_S14,ES,1985-04-01,NA
Q,CLV20_MEUR,SCA,P31_S14,ES,1985-07-01,NA
Q,CLV20_MEUR,SCA,P31_S14,ES,1985-10-01,NA
Q,CLV20_MEUR,SCA,P31_S14,ES,1986-01-01,NA
Q,CLV20_MEUR,SCA,P31_S14,ES,1986-04-01,NA
Q,CLV20_MEUR,SCA,P31_S14,ES,1986-07-01,NA
Q,CLV20_MEUR,SCA,P31_S14,ES,1986-10-01,NA
Q,CLV20_MEUR,SCA,P31_S14,ES,1987-01-01,NA
Q,CLV20_MEUR,SCA,P31_S14,ES,1987-04-01,NA
Q,CLV20_MEUR,SCA,P31_S14,ES,1987-07-01,NA
Q,CLV20_MEUR,SCA,P31_S14,ES,1987-10-01,NA
Q,CLV20_MEUR,SCA,P31_S14,ES,1988-01-01,NA
Q,CLV20_MEUR,SCA,P31_S14,ES,1988-04-01,NA
Q,CLV20_MEUR,SCA,P31_S14,ES,1988-07-01,NA
Q,CLV20_MEUR,SCA,P31_S14,ES,1988-10-01,NA
Q,CLV20_MEUR,SCA,P31_S14,ES,1989-01-01,NA
Q,CLV20_MEUR,SCA,P31_S14,ES,1989-04-01,NA
Q,CLV20_MEUR,SCA,P31_S14,ES,1989-07-01,NA
Q,CLV20_MEUR,SCA,P31_S14,ES,1989-10-01,NA
Q,CLV20_MEUR,SCA,P31_S14,ES,1990-01-01,NA
Q,CLV20_MEUR,SCA,P31_S14,ES,1990-04-01,NA
Q,CLV20_MEUR,SCA,P31_S14,ES,1990-07-01,NA
Q,CLV20_MEUR,SCA,P31_S14,ES,1990-10-01,NA
Q,CLV20_MEUR,SCA,P31_S14,ES,1991-01-01,NA
Q,CLV20_MEUR,SCA,P31_S14,ES,1991-04-01,NA
Q,CLV20_MEUR,SCA,P31_S14,ES,1991-07-01,NA
Q,CLV20_MEUR,SCA,P31_S14,ES,1991-10-01,NA
Q,CLV20_MEUR,SCA,P31_S14,ES,1992-01-01,NA
Q,CLV20_MEUR,SCA,P31_S14,ES,1992-04-01,NA
Q,CLV20_MEUR,SCA,P31_S14,ES,1992-07-01,NA
Q,CLV20_MEUR,SCA,P31_S14,ES,1992-10-01,NA
Q,CLV20_MEUR,SCA,P31_S14,ES,1993-01-01,NA
Q,CLV20_MEUR,SCA,P31_S14,ES,1993-04-01,NA
Q,CLV20_MEUR,SCA,P31_S14,ES,1993-07-01,NA
Q,CLV20_MEUR,SCA,P31_S14,ES,1993-10-01,NA
Q,CLV20_MEUR,SCA,P31_S14,ES,1994-01-01,NA
Q,CLV20_MEUR,SCA,P31_S14,ES,1994-04-01,NA
Q,CLV20_MEUR,SCA,P31_S14,ES,1994-07-01,NA
Q,CLV20_MEUR,SCA,P31_S14,ES,1994-10-01,NA
Q,CLV20_MEUR,SCA,P31_S14,ES,1995-01-01,118829
Q,CLV20_MEUR,SCA,P31_S14,ES,1995-04-01,120184
Q,CLV20_MEUR,SCA,P31_S14,ES,1995-07-01,120477
Q,CLV20_MEUR,SCA,P31_S14,ES,1995-10-01,121446
Q,CLV20_MEUR,SCA,P31_S14,ES,1996-01-01,121675
Q,CLV20_MEUR,SCA,P31_S14,ES,1996-04-01,122946
Q,CLV20_MEUR,SCA,P31_S14,ES,1996-07-01,124177
Q,CLV20_MEUR,SCA,P31_S14,ES,1996-10-01,124600
Q,CLV20_MEUR,SCA,P31_S14,ES,1997-01-01,125243
Q,CLV20_MEUR,SCA,P31_S14,ES,1997-04-01,125524
Q,CLV20_MEUR,SCA,P31_S14,ES,1997-07-01,126760
Q,CLV20_MEUR,SCA,P31_S14,ES,1997-10-01,131949
Q,CLV20_MEUR,SCA,P31_S14,ES,1998-01-01,130085
Q,CLV20_MEUR,SCA,P31_S14,ES,1998-04-01,131800
Q,CLV20_MEUR,SCA,P31_S14,ES,1998-07-01,133158
Q,CLV20_MEUR,SCA,P31_S14,ES,1998-10-01,138391
Q,CLV20_MEUR,SCA,P31_S14,ES,1999-01-01,136539
Q,CLV20_MEUR,SCA,P31_S14,ES,1999-04-01,139170
Q,CLV20_MEUR,SCA,P31_S14,ES,1999-07-01,140888
Q,CLV20_MEUR,SCA,P31_S14,ES,1999-10-01,143651
Q,CLV20_MEUR,SCA,P31_S14,ES,2000-01-01,145758
Q,CLV20_MEUR,SCA,P31_S14,ES,2000-04-01,145429
Q,CLV20_MEUR,SCA,P31_S14,ES,2000-07-01,146451
Q,CLV20_MEUR,SCA,P31_S14,ES,2000-10-01,147586
Q,CLV20_MEUR,SCA,P31_S14,ES,2001-01-01,149608
Q,CLV20_MEUR,SCA,P31_S14,ES,2001-04-01,151196
Q,CLV20_MEUR,SCA,P31_S14,ES,2001-07-01,152832
Q,CLV20_MEUR,SCA,P31_S14,ES,2001-10-01,153317
Q,CLV20_MEUR,SCA,P31_S14,ES,2002-01-01,154231
Q,CLV20_MEUR,SCA,P31_S14,ES,2002-04-01,154813
Q,CLV20_MEUR,SCA,P31_S14,ES,2002-07-01,155599
Q,CLV20_MEUR,SCA,P31_S14,ES,2002-10-01,157215
Q,CLV20_MEUR,SCA,P31_S14,ES,2003-01-01,156936
Q,CLV20_MEUR,SCA,P31_S14,ES,2003-04-01,158596
Q,CLV20_MEUR,SCA,P31_S14,ES,2003-07-01,159897
Q,CLV20_MEUR,SCA,P31_S14,ES,2003-10-01,161678
Q,CLV20_MEUR,SCA,P31_S14,ES,2004-01-01,163510
Q,CLV20_MEUR,SCA,P31_S14,ES,2004-04-01,163946
Q,CLV20_MEUR,SCA,P31_S14,ES,2004-07-01,165653
Q,CLV20_MEUR,SCA,P31_S14,ES,2004-10-01,167511
Q,CLV20_MEUR,SCA,P31_S14,ES,2005-01-01,168329
Q,CLV20_MEUR,SCA,P31_S14,ES,2005-04-01,171083
Q,CLV20_MEUR,SCA,P31_S14,ES,2005-07-01,172209
Q,CLV20_MEUR,SCA,P31_S14,ES,2005-10-01,173914
Q,CLV20_MEUR,SCA,P31_S14,ES,2006-01-01,175450
Q,CLV20_MEUR,SCA,P31_S14,ES,2006-04-01,177369
Q,CLV20_MEUR,SCA,P31_S14,ES,2006-07-01,178865
Q,CLV20_MEUR,SCA,P31_S14,ES,2006-10-01,180490
Q,CLV20_MEUR,SCA,P31_S14,ES,2007-01-01,181702
Q,CLV20_MEUR,SCA,P31_S14,ES,2007-04-01,182936
Q,CLV20_MEUR,SCA,P31_S14,ES,2007-07-01,184116
Q,CLV20_MEUR,SCA,P31_S14,ES,2007-10-01,185889
Q,CLV20_MEUR,SCA,P31_S14,ES,2008-01-01,185823
Q,CLV20_MEUR,SCA,P31_S14,ES,2008-04-01,183926
Q,CLV20_MEUR,SCA,P31_S14,ES,2008-07-01,181227
Q,CLV20_MEUR,SCA,P31_S14,ES,2008-10-01,178201
Q,CLV20_MEUR,SCA,P31_S14,ES,2009-01-01,176275
Q,CLV20_MEUR,SCA,P31_S14,ES,2009-04-01,174865
Q,CLV20_MEUR,SCA,P31_S14,ES,2009-07-01,175399
Q,CLV20_MEUR,SCA,P31_S14,ES,2009-10-01,175564
Q,CLV20_MEUR,SCA,P31_S14,ES,2010-01-01,176616
Q,CLV20_MEUR,SCA,P31_S14,ES,2010-04-01,177117
Q,CLV20_MEUR,SCA,P31_S14,ES,2010-07-01,175769
Q,CLV20_MEUR,SCA,P31_S14,ES,2010-10-01,176138
Q,CLV20_MEUR,SCA,P31_S14,ES,2011-01-01,174911
Q,CLV20_MEUR,SCA,P31_S14,ES,2011-04-01,173459
Q,CLV20_MEUR,SCA,P31_S14,ES,2011-07-01,172732
Q,CLV20_MEUR,SCA,P31_S14,ES,2011-10-01,171370
Q,CLV20_MEUR,SCA,P31_S14,ES,2012-01-01,171212
Q,CLV20_MEUR,SCA,P31_S14,ES,2012-04-01,168701
Q,CLV20_MEUR,SCA,P31_S14,ES,2012-07-01,166492
Q,CLV20_MEUR,SCA,P31_S14,ES,2012-10-01,164256
Q,CLV20_MEUR,SCA,P31_S14,ES,2013-01-01,162091
Q,CLV20_MEUR,SCA,P31_S14,ES,2013-04-01,162723
Q,CLV20_MEUR,SCA,P31_S14,ES,2013-07-01,162694
Q,CLV20_MEUR,SCA,P31_S14,ES,2013-10-01,163836
Q,CLV20_MEUR,SCA,P31_S14,ES,2014-01-01,164163
Q,CLV20_MEUR,SCA,P31_S14,ES,2014-04-01,165199
Q,CLV20_MEUR,SCA,P31_S14,ES,2014-07-01,166276
Q,CLV20_MEUR,SCA,P31_S14,ES,2014-10-01,167294
Q,CLV20_MEUR,SCA,P31_S14,ES,2015-01-01,168804
Q,CLV20_MEUR,SCA,P31_S14,ES,2015-04-01,169634
Q,CLV20_MEUR,SCA,P31_S14,ES,2015-07-01,171852
Q,CLV20_MEUR,SCA,P31_S14,ES,2015-10-01,172368
Q,CLV20_MEUR,SCA,P31_S14,ES,2016-01-01,173424
Q,CLV20_MEUR,SCA,P31_S14,ES,2016-04-01,175517
Q,CLV20_MEUR,SCA,P31_S14,ES,2016-07-01,176654
Q,CLV20_MEUR,SCA,P31_S14,ES,2016-10-01,177957
Q,CLV20_MEUR,SCA,P31_S14,ES,2017-01-01,179611
Q,CLV20_MEUR,SCA,P31_S14,ES,2017-04-01,181408
Q,CLV20_MEUR,SCA,P31_S14,ES,2017-07-01,183018
Q,CLV20_MEUR,SCA,P31_S14,ES,2017-10-01,183442
Q,CLV20_MEUR,SCA,P31_S14,ES,2018-01-01,184029
Q,CLV20_MEUR,SCA,P31_S14,ES,2018-04-01,184842
Q,CLV20_MEUR,SCA,P31_S14,ES,2018-07-01,184615
Q,CLV20_MEUR,SCA,P31_S14,ES,2018-10-01,185392
Q,CLV20_MEUR,SCA,P31_S14,ES,2019-01-01,186453
Q,CLV20_MEUR,SCA,P31_S14,ES,2019-04-01,185310
Q,CLV20_MEUR,SCA,P31_S14,ES,2019-07-01,186426
Q,CLV20_MEUR,SCA,P31_S14,ES,2019-10-01,187095
Q,CLV20_MEUR,SCA,P31_S14,ES,2020-01-01,174129
Q,CLV20_MEUR,SCA,P31_S14,ES,2020-04-01,131621
Q,CLV20_MEUR,SCA,P31_S14,ES,2020-07-01,161125
Q,CLV20_MEUR,SCA,P31_S14,ES,2020-10-01,161685
Q,CLV20_MEUR,SCA,P31_S14,ES,2021-01-01,161449
Q,CLV20_MEUR,SCA,P31_S14,ES,2021-04-01,167709
Q,CLV20_MEUR,SCA,P31_S14,ES,2021-07-01,173549
Q,CLV20_MEUR,SCA,P31_S14,ES,2021-10-01,178787
Q,CLV20_MEUR,SCA,P31_S14,ES,2022-01-01,181389
Q,CLV20_MEUR,SCA,P31_S14,ES,2022-04-01,185327
Q,CLV20_MEUR,SCA,P31_S14,ES,2022-07-01,185585
Q,CLV20_MEUR,SCA,P31_S14,ES,2022-10-01,183913
Q,CLV20_MEUR,SCA,P31_S14,ES,2023-01-01,187017
Q,CLV20_MEUR,SCA,P31_S14,ES,2023-04-01,188398
Q,CLV20_MEUR,SCA,P31_S14,ES,2023-07-01,189615
Q,CLV20_MEUR,SCA,P31_S14,ES,2023-10-01,190925
Q,CLV20_MEUR,SCA,P31_S14,ES,2024-01-01,192529
Q,CLV20_MEUR,SCA,P31_S14,ES,2024-04-01,195163
Q,CLV20_MEUR,SCA,P31_S14,ES,2024-07-01,197254
Q,CLV20_MEUR,SCA,P31_S14,ES,2024-10-01,198619
Q,CLV20_MEUR,SCA,P31_S14,ES,2025-01-01,199448
Q,CLV20_MEUR,SCA,P31_S14,ES,2025-04-01,200651
Q,CLV20_MEUR,SCA,P31_S14,ES,2025-07-01,202640
Q,CLV20_MEUR,SCA,P31_S14,ES,2025-10-01,204430
Q,CLV20_MEUR,SCA,P31_S14,ES,2026-01-01,205042
Q,CLV20_MEUR,SCA,P31_S14,ES,2026-04-01,207547
Q,CLV20_MEUR,SCA,P31_S14,FR,1978-01-01,NA
Q,CLV20_MEUR,SCA,P31_S14,FR,1978-04-01,NA
Q,CLV20_MEUR,SCA,P31_S14,FR,1978-07-01,NA
Q,CLV20_MEUR,SCA,P31_S14,FR,1978-10-01,NA
Q,CLV20_MEUR,SCA,P31_S14,FR,1979-01-01,NA
Q,CLV20_MEUR,SCA,P31_S14,FR,1979-04-01,NA
Q,CLV20_MEUR,SCA,P31_S14,FR,1979-07-01,NA
Q,CLV20_MEUR,SCA,P31_S14,FR,1979-10-01,NA
Q,CLV20_MEUR,SCA,P31_S14,FR,1980-01-01,153455.6
Q,CLV20_MEUR,SCA,P31_S14,FR,1980-04-01,151462.4
Q,CLV20_MEUR,SCA,P31_S14,FR,1980-07-01,152790.4
Q,CLV20_MEUR,SCA,P31_S14,FR,1980-10-01,154110
Q,CLV20_MEUR,SCA,P31_S14,FR,1981-01-01,153841.2
Q,CLV20_MEUR,SCA,P31_S14,FR,1981-04-01,156012.9
Q,CLV20_MEUR,SCA,P31_S14,FR,1981-07-01,156844.2
Q,CLV20_MEUR,SCA,P31_S14,FR,1981-10-01,158830.8
Q,CLV20_MEUR,SCA,P31_S14,FR,1982-01-01,160022.7
Q,CLV20_MEUR,SCA,P31_S14,FR,1982-04-01,162045.2
Q,CLV20_MEUR,SCA,P31_S14,FR,1982-07-01,161785.5
Q,CLV20_MEUR,SCA,P31_S14,FR,1982-10-01,164231.1
Q,CLV20_MEUR,SCA,P31_S14,FR,1983-01-01,163966.7
Q,CLV20_MEUR,SCA,P31_S14,FR,1983-04-01,163654.5
Q,CLV20_MEUR,SCA,P31_S14,FR,1983-07-01,163397.6
Q,CLV20_MEUR,SCA,P31_S14,FR,1983-10-01,164154.4
Q,CLV20_MEUR,SCA,P31_S14,FR,1984-01-01,165037.9
Q,CLV20_MEUR,SCA,P31_S14,FR,1984-04-01,165719.3
Q,CLV20_MEUR,SCA,P31_S14,FR,1984-07-01,166080.5
Q,CLV20_MEUR,SCA,P31_S14,FR,1984-10-01,165104.2
Q,CLV20_MEUR,SCA,P31_S14,FR,1985-01-01,167281.8
Q,CLV20_MEUR,SCA,P31_S14,FR,1985-04-01,168178.8
Q,CLV20_MEUR,SCA,P31_S14,FR,1985-07-01,168810.9
Q,CLV20_MEUR,SCA,P31_S14,FR,1985-10-01,170904.7
Q,CLV20_MEUR,SCA,P31_S14,FR,1986-01-01,172253.9
Q,CLV20_MEUR,SCA,P31_S14,FR,1986-04-01,174826.8
Q,CLV20_MEUR,SCA,P31_S14,FR,1986-07-01,175461.8
Q,CLV20_MEUR,SCA,P31_S14,FR,1986-10-01,176208.4
Q,CLV20_MEUR,SCA,P31_S14,FR,1987-01-01,177486.2
Q,CLV20_MEUR,SCA,P31_S14,FR,1987-04-01,179876.1
Q,CLV20_MEUR,SCA,P31_S14,FR,1987-07-01,180279.2
Q,CLV20_MEUR,SCA,P31_S14,FR,1987-10-01,183660.6
Q,CLV20_MEUR,SCA,P31_S14,FR,1988-01-01,183699.9
Q,CLV20_MEUR,SCA,P31_S14,FR,1988-04-01,184869.8
Q,CLV20_MEUR,SCA,P31_S14,FR,1988-07-01,187431.7
Q,CLV20_MEUR,SCA,P31_S14,FR,1988-10-01,188981.2
Q,CLV20_MEUR,SCA,P31_S14,FR,1989-01-01,191353.1
Q,CLV20_MEUR,SCA,P31_S14,FR,1989-04-01,192369.5
Q,CLV20_MEUR,SCA,P31_S14,FR,1989-07-01,194587.6
Q,CLV20_MEUR,SCA,P31_S14,FR,1989-10-01,195616.1
Q,CLV20_MEUR,SCA,P31_S14,FR,1990-01-01,197693.5
Q,CLV20_MEUR,SCA,P31_S14,FR,1990-04-01,198566.5
Q,CLV20_MEUR,SCA,P31_S14,FR,1990-07-01,198581.2
Q,CLV20_MEUR,SCA,P31_S14,FR,1990-10-01,200047
Q,CLV20_MEUR,SCA,P31_S14,FR,1991-01-01,199913.6
Q,CLV20_MEUR,SCA,P31_S14,FR,1991-04-01,200370.1
Q,CLV20_MEUR,SCA,P31_S14,FR,1991-07-01,200422.5
Q,CLV20_MEUR,SCA,P31_S14,FR,1991-10-01,201491.1
Q,CLV20_MEUR,SCA,P31_S14,FR,1992-01-01,201883.4
Q,CLV20_MEUR,SCA,P31_S14,FR,1992-04-01,202277.9
Q,CLV20_MEUR,SCA,P31_S14,FR,1992-07-01,203456
Q,CLV20_MEUR,SCA,P31_S14,FR,1992-10-01,204458.6
Q,CLV20_MEUR,SCA,P31_S14,FR,1993-01-01,201830.1
Q,CLV20_MEUR,SCA,P31_S14,FR,1993-04-01,203411.5
Q,CLV20_MEUR,SCA,P31_S14,FR,1993-07-01,203941.8
Q,CLV20_MEUR,SCA,P31_S14,FR,1993-10-01,204774.1
Q,CLV20_MEUR,SCA,P31_S14,FR,1994-01-01,204604.4
Q,CLV20_MEUR,SCA,P31_S14,FR,1994-04-01,206148.5
Q,CLV20_MEUR,SCA,P31_S14,FR,1994-07-01,207298
Q,CLV20_MEUR,SCA,P31_S14,FR,1994-10-01,208146.2
Q,CLV20_MEUR,SCA,P31_S14,FR,1995-01-01,208357.2
Q,CLV20_MEUR,SCA,P31_S14,FR,1995-04-01,211358.2
Q,CLV20_MEUR,SCA,P31_S14,FR,1995-07-01,210264
Q,CLV20_MEUR,SCA,P31_S14,FR,1995-10-01,210039.5
Q,CLV20_MEUR,SCA,P31_S14,FR,1996-01-01,213335.1
Q,CLV20_MEUR,SCA,P31_S14,FR,1996-04-01,212687.6
Q,CLV20_MEUR,SCA,P31_S14,FR,1996-07-01,215669.5
Q,CLV20_MEUR,SCA,P31_S14,FR,1996-10-01,213873.3
Q,CLV20_MEUR,SCA,P31_S14,FR,1997-01-01,214193.2
Q,CLV20_MEUR,SCA,P31_S14,FR,1997-04-01,214851.9
Q,CLV20_MEUR,SCA,P31_S14,FR,1997-07-01,216721.6
Q,CLV20_MEUR,SCA,P31_S14,FR,1997-10-01,219899.6
Q,CLV20_MEUR,SCA,P31_S14,FR,1998-01-01,221951.8
Q,CLV20_MEUR,SCA,P31_S14,FR,1998-04-01,224319.4
Q,CLV20_MEUR,SCA,P31_S14,FR,1998-07-01,227481.2
Q,CLV20_MEUR,SCA,P31_S14,FR,1998-10-01,229079.6
Q,CLV20_MEUR,SCA,P31_S14,FR,1999-01-01,229571.5
Q,CLV20_MEUR,SCA,P31_S14,FR,1999-04-01,231211.7
Q,CLV20_MEUR,SCA,P31_S14,FR,1999-07-01,237006.8
Q,CLV20_MEUR,SCA,P31_S14,FR,1999-10-01,239633.3
Q,CLV20_MEUR,SCA,P31_S14,FR,2000-01-01,241289.7
Q,CLV20_MEUR,SCA,P31_S14,FR,2000-04-01,243525.3
Q,CLV20_MEUR,SCA,P31_S14,FR,2000-07-01,245154.7
Q,CLV20_MEUR,SCA,P31_S14,FR,2000-10-01,245905.8
Q,CLV20_MEUR,SCA,P31_S14,FR,2001-01-01,248097.2
Q,CLV20_MEUR,SCA,P31_S14,FR,2001-04-01,249715.5
Q,CLV20_MEUR,SCA,P31_S14,FR,2001-07-01,250574
Q,CLV20_MEUR,SCA,P31_S14,FR,2001-10-01,251780.2
Q,CLV20_MEUR,SCA,P31_S14,FR,2002-01-01,252856
Q,CLV20_MEUR,SCA,P31_S14,FR,2002-04-01,254209.8
Q,CLV20_MEUR,SCA,P31_S14,FR,2002-07-01,255936.2
Q,CLV20_MEUR,SCA,P31_S14,FR,2002-10-01,257144.2
Q,CLV20_MEUR,SCA,P31_S14,FR,2003-01-01,257952.4
Q,CLV20_MEUR,SCA,P31_S14,FR,2003-04-01,258133.6
Q,CLV20_MEUR,SCA,P31_S14,FR,2003-07-01,259882
Q,CLV20_MEUR,SCA,P31_S14,FR,2003-10-01,261043.2
Q,CLV20_MEUR,SCA,P31_S14,FR,2004-01-01,262914.3
Q,CLV20_MEUR,SCA,P31_S14,FR,2004-04-01,264370.4
Q,CLV20_MEUR,SCA,P31_S14,FR,2004-07-01,264448.5
Q,CLV20_MEUR,SCA,P31_S14,FR,2004-10-01,268360.2
Q,CLV20_MEUR,SCA,P31_S14,FR,2005-01-01,269583.1
Q,CLV20_MEUR,SCA,P31_S14,FR,2005-04-01,270408.2
Q,CLV20_MEUR,SCA,P31_S14,FR,2005-07-01,271817.7
Q,CLV20_MEUR,SCA,P31_S14,FR,2005-10-01,274048.1
Q,CLV20_MEUR,SCA,P31_S14,FR,2006-01-01,276481.7
Q,CLV20_MEUR,SCA,P31_S14,FR,2006-04-01,278505.5
Q,CLV20_MEUR,SCA,P31_S14,FR,2006-07-01,279509.3
Q,CLV20_MEUR,SCA,P31_S14,FR,2006-10-01,281181
Q,CLV20_MEUR,SCA,P31_S14,FR,2007-01-01,283268.9
Q,CLV20_MEUR,SCA,P31_S14,FR,2007-04-01,285653.2
Q,CLV20_MEUR,SCA,P31_S14,FR,2007-07-01,288081.7
Q,CLV20_MEUR,SCA,P31_S14,FR,2007-10-01,288899.5
Q,CLV20_MEUR,SCA,P31_S14,FR,2008-01-01,288027.4
Q,CLV20_MEUR,SCA,P31_S14,FR,2008-04-01,287457.7
Q,CLV20_MEUR,SCA,P31_S14,FR,2008-07-01,287652
Q,CLV20_MEUR,SCA,P31_S14,FR,2008-10-01,286733.1
Q,CLV20_MEUR,SCA,P31_S14,FR,2009-01-01,285941.5
Q,CLV20_MEUR,SCA,P31_S14,FR,2009-04-01,287380
Q,CLV20_MEUR,SCA,P31_S14,FR,2009-07-01,288043.2
Q,CLV20_MEUR,SCA,P31_S14,FR,2009-10-01,290030.5
Q,CLV20_MEUR,SCA,P31_S14,FR,2010-01-01,290337.2
Q,CLV20_MEUR,SCA,P31_S14,FR,2010-04-01,291064.4
Q,CLV20_MEUR,SCA,P31_S14,FR,2010-07-01,292636
Q,CLV20_MEUR,SCA,P31_S14,FR,2010-10-01,294053.2
Q,CLV20_MEUR,SCA,P31_S14,FR,2011-01-01,295787.4
Q,CLV20_MEUR,SCA,P31_S14,FR,2011-04-01,293052.8
Q,CLV20_MEUR,SCA,P31_S14,FR,2011-07-01,294134.7
Q,CLV20_MEUR,SCA,P31_S14,FR,2011-10-01,293780.1
Q,CLV20_MEUR,SCA,P31_S14,FR,2012-01-01,294666.3
Q,CLV20_MEUR,SCA,P31_S14,FR,2012-04-01,294377.3
Q,CLV20_MEUR,SCA,P31_S14,FR,2012-07-01,294798.9
Q,CLV20_MEUR,SCA,P31_S14,FR,2012-10-01,295533.8
Q,CLV20_MEUR,SCA,P31_S14,FR,2013-01-01,295554.2
Q,CLV20_MEUR,SCA,P31_S14,FR,2013-04-01,296479.9
Q,CLV20_MEUR,SCA,P31_S14,FR,2013-07-01,296670.1
Q,CLV20_MEUR,SCA,P31_S14,FR,2013-10-01,298111.1
Q,CLV20_MEUR,SCA,P31_S14,FR,2014-01-01,296693.6
Q,CLV20_MEUR,SCA,P31_S14,FR,2014-04-01,298388.6
Q,CLV20_MEUR,SCA,P31_S14,FR,2014-07-01,298919
Q,CLV20_MEUR,SCA,P31_S14,FR,2014-10-01,300173.7
Q,CLV20_MEUR,SCA,P31_S14,FR,2015-01-01,301898.5
Q,CLV20_MEUR,SCA,P31_S14,FR,2015-04-01,303001.2
Q,CLV20_MEUR,SCA,P31_S14,FR,2015-07-01,304117.9
Q,CLV20_MEUR,SCA,P31_S14,FR,2015-10-01,303688.9
Q,CLV20_MEUR,SCA,P31_S14,FR,2016-01-01,306625.8
Q,CLV20_MEUR,SCA,P31_S14,FR,2016-04-01,306314.4
Q,CLV20_MEUR,SCA,P31_S14,FR,2016-07-01,305939.7
Q,CLV20_MEUR,SCA,P31_S14,FR,2016-10-01,308481.7
Q,CLV20_MEUR,SCA,P31_S14,FR,2017-01-01,309890.3
Q,CLV20_MEUR,SCA,P31_S14,FR,2017-04-01,311174.5
Q,CLV20_MEUR,SCA,P31_S14,FR,2017-07-01,313798
Q,CLV20_MEUR,SCA,P31_S14,FR,2017-10-01,314341.7
Q,CLV20_MEUR,SCA,P31_S14,FR,2018-01-01,315285.3
Q,CLV20_MEUR,SCA,P31_S14,FR,2018-04-01,315077.2
Q,CLV20_MEUR,SCA,P31_S14,FR,2018-07-01,316130.4
Q,CLV20_MEUR,SCA,P31_S14,FR,2018-10-01,316480.6
Q,CLV20_MEUR,SCA,P31_S14,FR,2019-01-01,318520.1
Q,CLV20_MEUR,SCA,P31_S14,FR,2019-04-01,319922.2
Q,CLV20_MEUR,SCA,P31_S14,FR,2019-07-01,321321.3
Q,CLV20_MEUR,SCA,P31_S14,FR,2019-10-01,321535.6
Q,CLV20_MEUR,SCA,P31_S14,FR,2020-01-01,303966.4
Q,CLV20_MEUR,SCA,P31_S14,FR,2020-04-01,270229.5
Q,CLV20_MEUR,SCA,P31_S14,FR,2020-07-01,316414.1
Q,CLV20_MEUR,SCA,P31_S14,FR,2020-10-01,299985.7
Q,CLV20_MEUR,SCA,P31_S14,FR,2021-01-01,301189.8
Q,CLV20_MEUR,SCA,P31_S14,FR,2021-04-01,305388.9
Q,CLV20_MEUR,SCA,P31_S14,FR,2021-07-01,322778.6
Q,CLV20_MEUR,SCA,P31_S14,FR,2021-10-01,324571.8
Q,CLV20_MEUR,SCA,P31_S14,FR,2022-01-01,321954.9
Q,CLV20_MEUR,SCA,P31_S14,FR,2022-04-01,326511.7
Q,CLV20_MEUR,SCA,P31_S14,FR,2022-07-01,327956.6
Q,CLV20_MEUR,SCA,P31_S14,FR,2022-10-01,326516.9
Q,CLV20_MEUR,SCA,P31_S14,FR,2023-01-01,327625.4
Q,CLV20_MEUR,SCA,P31_S14,FR,2023-04-01,328347.5
Q,CLV20_MEUR,SCA,P31_S14,FR,2023-07-01,329908.9
Q,CLV20_MEUR,SCA,P31_S14,FR,2023-10-01,329334.4
Q,CLV20_MEUR,SCA,P31_S14,FR,2024-01-01,330563.6
Q,CLV20_MEUR,SCA,P31_S14,FR,2024-04-01,330154.1
Q,CLV20_MEUR,SCA,P31_S14,FR,2024-07-01,333076
Q,CLV20_MEUR,SCA,P31_S14,FR,2024-10-01,332798.3
Q,CLV20_MEUR,SCA,P31_S14,FR,2025-01-01,333042.6
Q,CLV20_MEUR,SCA,P31_S14,FR,2025-04-01,333559.7
Q,CLV20_MEUR,SCA,P31_S14,FR,2025-07-01,334079.9
Q,CLV20_MEUR,SCA,P31_S14,FR,2025-10-01,335302.8
Q,CLV20_MEUR,SCA,P31_S14,FR,2026-01-01,334573.3
Q,CLV20_MEUR,SCA,P31_S14,FR,2026-04-01,335338.1
Q,CLV20_MEUR,SCA,P31_S14,IT,1978-01-01,NA
Q,CLV20_MEUR,SCA,P31_S14,IT,1978-04-01,NA
Q,CLV20_MEUR,SCA,P31_S14,IT,1978-07-01,NA
Q,CLV20_MEUR,SCA,P31_S14,IT,1978-10-01,NA
Q,CLV20_MEUR,SCA,P31_S14,IT,1979-01-01,NA
Q,CLV20_MEUR,SCA,P31_S14,IT,1979-04-01,NA
Q,CLV20_MEUR,SCA,P31_S14,IT,1979-07-01,NA
Q,CLV20_MEUR,SCA,P31_S14,IT,1979-10-01,NA
Q,CLV20_MEUR,SCA,P31_S14,IT,1980-01-01,NA
Q,CLV20_MEUR,SCA,P31_S14,IT,1980-04-01,NA
Q,CLV20_MEUR,SCA,P31_S14,IT,1980-07-01,NA
Q,CLV20_MEUR,SCA,P31_S14,IT,1980-10-01,NA
Q,CLV20_MEUR,SCA,P31_S14,IT,1981-01-01,NA
Q,CLV20_MEUR,SCA,P31_S14,IT,1981-04-01,NA
Q,CLV20_MEUR,SCA,P31_S14,IT,1981-07-01,NA
Q,CLV20_MEUR,SCA,P31_S14,IT,1981-10-01,NA
Q,CLV20_MEUR,SCA,P31_S14,IT,1982-01-01,NA
Q,CLV20_MEUR,SCA,P31_S14,IT,1982-04-01,NA
Q,CLV20_MEUR,SCA,P31_S14,IT,1982-07-01,NA
Q,CLV20_MEUR,SCA,P31_S14,IT,1982-10-01,NA
Q,CLV20_MEUR,SCA,P31_S14,IT,1983-01-01,NA
Q,CLV20_MEUR,SCA,P31_S14,IT,1983-04-01,NA
Q,CLV20_MEUR,SCA,P31_S14,IT,1983-07-01,NA
Q,CLV20_MEUR,SCA,P31_S14,IT,1983-10-01,NA
Q,CLV20_MEUR,SCA,P31_S14,IT,1984-01-01,NA
Q,CLV20_MEUR,SCA,P31_S14,IT,1984-04-01,NA
Q,CLV20_MEUR,SCA,P31_S14,IT,1984-07-01,NA
Q,CLV20_MEUR,SCA,P31_S14,IT,1984-10-01,NA
Q,CLV20_MEUR,SCA,P31_S14,IT,1985-01-01,NA
Q,CLV20_MEUR,SCA,P31_S14,IT,1985-04-01,NA
Q,CLV20_MEUR,SCA,P31_S14,IT,1985-07-01,NA
Q,CLV20_MEUR,SCA,P31_S14,IT,1985-10-01,NA
Q,CLV20_MEUR,SCA,P31_S14,IT,1986-01-01,NA
Q,CLV20_MEUR,SCA,P31_S14,IT,1986-04-01,NA
Q,CLV20_MEUR,SCA,P31_S14,IT,1986-07-01,NA
Q,CLV20_MEUR,SCA,P31_S14,IT,1986-10-01,NA
Q,CLV20_MEUR,SCA,P31_S14,IT,1987-01-01,NA
Q,CLV20_MEUR,SCA,P31_S14,IT,1987-04-01,NA
Q,CLV20_MEUR,SCA,P31_S14,IT,1987-07-01,NA
Q,CLV20_MEUR,SCA,P31_S14,IT,1987-10-01,NA
Q,CLV20_MEUR,SCA,P31_S14,IT,1988-01-01,NA
Q,CLV20_MEUR,SCA,P31_S14,IT,1988-04-01,NA
Q,CLV20_MEUR,SCA,P31_S14,IT,1988-07-01,NA
Q,CLV20_MEUR,SCA,P31_S14,IT,1988-10-01,NA
Q,CLV20_MEUR,SCA,P31_S14,IT,1989-01-01,NA
Q,CLV20_MEUR,SCA,P31_S14,IT,1989-04-01,NA
Q,CLV20_MEUR,SCA,P31_S14,IT,1989-07-01,NA
Q,CLV20_MEUR,SCA,P31_S14,IT,1989-10-01,NA
Q,CLV20_MEUR,SCA,P31_S14,IT,1990-01-01,NA
Q,CLV20_MEUR,SCA,P31_S14,IT,1990-04-01,NA
Q,CLV20_MEUR,SCA,P31_S14,IT,1990-07-01,NA
Q,CLV20_MEUR,SCA,P31_S14,IT,1990-10-01,NA
Q,CLV20_MEUR,SCA,P31_S14,IT,1991-01-01,NA
Q,CLV20_MEUR,SCA,P31_S14,IT,1991-04-01,NA
Q,CLV20_MEUR,SCA,P31_S14,IT,1991-07-01,NA
Q,CLV20_MEUR,SCA,P31_S14,IT,1991-10-01,NA
Q,CLV20_MEUR,SCA,P31_S14,IT,1992-01-01,NA
Q,CLV20_MEUR,SCA,P31_S14,IT,1992-04-01,NA
Q,CLV20_MEUR,SCA,P31_S14,IT,1992-07-01,NA
Q,CLV20_MEUR,SCA,P31_S14,IT,1992-10-01,NA
Q,CLV20_MEUR,SCA,P31_S14,IT,1993-01-01,NA
Q,CLV20_MEUR,SCA,P31_S14,IT,1993-04-01,NA
Q,CLV20_MEUR,SCA,P31_S14,IT,1993-07-01,NA
Q,CLV20_MEUR,SCA,P31_S14,IT,1993-10-01,NA
Q,CLV20_MEUR,SCA,P31_S14,IT,1994-01-01,NA
Q,CLV20_MEUR,SCA,P31_S14,IT,1994-04-01,NA
Q,CLV20_MEUR,SCA,P31_S14,IT,1994-07-01,NA
Q,CLV20_MEUR,SCA,P31_S14,IT,1994-10-01,NA
Q,CLV20_MEUR,SCA,P31_S14,IT,1995-01-01,NA
Q,CLV20_MEUR,SCA,P31_S14,IT,1995-04-01,NA
Q,CLV20_MEUR,SCA,P31_S14,IT,1995-07-01,NA
Q,CLV20_MEUR,SCA,P31_S14,IT,1995-10-01,NA
Q,CLV20_MEUR,SCA,P31_S14,IT,1996-01-01,236890.2
Q,CLV20_MEUR,SCA,P31_S14,IT,1996-04-01,236041.8
Q,CLV20_MEUR,SCA,P31_S14,IT,1996-07-01,235728.4
Q,CLV20_MEUR,SCA,P31_S14,IT,1996-10-01,236982.1
Q,CLV20_MEUR,SCA,P31_S14,IT,1997-01-01,239007.6
Q,CLV20_MEUR,SCA,P31_S14,IT,1997-04-01,243850
Q,CLV20_MEUR,SCA,P31_S14,IT,1997-07-01,246556.3
Q,CLV20_MEUR,SCA,P31_S14,IT,1997-10-01,248294.7
Q,CLV20_MEUR,SCA,P31_S14,IT,1998-01-01,249472.6
Q,CLV20_MEUR,SCA,P31_S14,IT,1998-04-01,251110.2
Q,CLV20_MEUR,SCA,P31_S14,IT,1998-07-01,253750.2
Q,CLV20_MEUR,SCA,P31_S14,IT,1998-10-01,254353.3
Q,CLV20_MEUR,SCA,P31_S14,IT,1999-01-01,255552.3
Q,CLV20_MEUR,SCA,P31_S14,IT,1999-04-01,258084
Q,CLV20_MEUR,SCA,P31_S14,IT,1999-07-01,259575.5
Q,CLV20_MEUR,SCA,P31_S14,IT,1999-10-01,261758.4
Q,CLV20_MEUR,SCA,P31_S14,IT,2000-01-01,263480.4
Q,CLV20_MEUR,SCA,P31_S14,IT,2000-04-01,265697.1
Q,CLV20_MEUR,SCA,P31_S14,IT,2000-07-01,266401.7
Q,CLV20_MEUR,SCA,P31_S14,IT,2000-10-01,267777.1
Q,CLV20_MEUR,SCA,P31_S14,IT,2001-01-01,268130.5
Q,CLV20_MEUR,SCA,P31_S14,IT,2001-04-01,267691.4
Q,CLV20_MEUR,SCA,P31_S14,IT,2001-07-01,266178.2
Q,CLV20_MEUR,SCA,P31_S14,IT,2001-10-01,266087.8
Q,CLV20_MEUR,SCA,P31_S14,IT,2002-01-01,266069.8
Q,CLV20_MEUR,SCA,P31_S14,IT,2002-04-01,265388.9
Q,CLV20_MEUR,SCA,P31_S14,IT,2002-07-01,265772.2
Q,CLV20_MEUR,SCA,P31_S14,IT,2002-10-01,267746.6
Q,CLV20_MEUR,SCA,P31_S14,IT,2003-01-01,267047.3
Q,CLV20_MEUR,SCA,P31_S14,IT,2003-04-01,266893.8
Q,CLV20_MEUR,SCA,P31_S14,IT,2003-07-01,268254.6
Q,CLV20_MEUR,SCA,P31_S14,IT,2003-10-01,268675.9
Q,CLV20_MEUR,SCA,P31_S14,IT,2004-01-01,269670.3
Q,CLV20_MEUR,SCA,P31_S14,IT,2004-04-01,270576.2
Q,CLV20_MEUR,SCA,P31_S14,IT,2004-07-01,270795.5
Q,CLV20_MEUR,SCA,P31_S14,IT,2004-10-01,271572
Q,CLV20_MEUR,SCA,P31_S14,IT,2005-01-01,271147.7
Q,CLV20_MEUR,SCA,P31_S14,IT,2005-04-01,272629.5
Q,CLV20_MEUR,SCA,P31_S14,IT,2005-07-01,274348.2
Q,CLV20_MEUR,SCA,P31_S14,IT,2005-10-01,274912.6
Q,CLV20_MEUR,SCA,P31_S14,IT,2006-01-01,276327.8
Q,CLV20_MEUR,SCA,P31_S14,IT,2006-04-01,276457
Q,CLV20_MEUR,SCA,P31_S14,IT,2006-07-01,276398.1
Q,CLV20_MEUR,SCA,P31_S14,IT,2006-10-01,278026.5
Q,CLV20_MEUR,SCA,P31_S14,IT,2007-01-01,279201
Q,CLV20_MEUR,SCA,P31_S14,IT,2007-04-01,280276.3
Q,CLV20_MEUR,SCA,P31_S14,IT,2007-07-01,279485.5
Q,CLV20_MEUR,SCA,P31_S14,IT,2007-10-01,279372.1
Q,CLV20_MEUR,SCA,P31_S14,IT,2008-01-01,279284.1
Q,CLV20_MEUR,SCA,P31_S14,IT,2008-04-01,277780.9
Q,CLV20_MEUR,SCA,P31_S14,IT,2008-07-01,275251
Q,CLV20_MEUR,SCA,P31_S14,IT,2008-10-01,272756.5
Q,CLV20_MEUR,SCA,P31_S14,IT,2009-01-01,271991.5
Q,CLV20_MEUR,SCA,P31_S14,IT,2009-04-01,270616.6
Q,CLV20_MEUR,SCA,P31_S14,IT,2009-07-01,271625.7
Q,CLV20_MEUR,SCA,P31_S14,IT,2009-10-01,271814.8
Q,CLV20_MEUR,SCA,P31_S14,IT,2010-01-01,273145.6
Q,CLV20_MEUR,SCA,P31_S14,IT,2010-04-01,273290.4
Q,CLV20_MEUR,SCA,P31_S14,IT,2010-07-01,274802
Q,CLV20_MEUR,SCA,P31_S14,IT,2010-10-01,276407.8
Q,CLV20_MEUR,SCA,P31_S14,IT,2011-01-01,276697.7
Q,CLV20_MEUR,SCA,P31_S14,IT,2011-04-01,276380.8
Q,CLV20_MEUR,SCA,P31_S14,IT,2011-07-01,275852.7
Q,CLV20_MEUR,SCA,P31_S14,IT,2011-10-01,271835.4
Q,CLV20_MEUR,SCA,P31_S14,IT,2012-01-01,268626.7
Q,CLV20_MEUR,SCA,P31_S14,IT,2012-04-01,266357.8
Q,CLV20_MEUR,SCA,P31_S14,IT,2012-07-01,264860.6
Q,CLV20_MEUR,SCA,P31_S14,IT,2012-10-01,263112.2
Q,CLV20_MEUR,SCA,P31_S14,IT,2013-01-01,260006.4
Q,CLV20_MEUR,SCA,P31_S14,IT,2013-04-01,259535.2
Q,CLV20_MEUR,SCA,P31_S14,IT,2013-07-01,260144.2
Q,CLV20_MEUR,SCA,P31_S14,IT,2013-10-01,260270.8
Q,CLV20_MEUR,SCA,P31_S14,IT,2014-01-01,259470.8
Q,CLV20_MEUR,SCA,P31_S14,IT,2014-04-01,259821.8
Q,CLV20_MEUR,SCA,P31_S14,IT,2014-07-01,261063.4
Q,CLV20_MEUR,SCA,P31_S14,IT,2014-10-01,262220.7
Q,CLV20_MEUR,SCA,P31_S14,IT,2015-01-01,264020
Q,CLV20_MEUR,SCA,P31_S14,IT,2015-04-01,266798.7
Q,CLV20_MEUR,SCA,P31_S14,IT,2015-07-01,266604.2
Q,CLV20_MEUR,SCA,P31_S14,IT,2015-10-01,266559.3
Q,CLV20_MEUR,SCA,P31_S14,IT,2016-01-01,267310.8
Q,CLV20_MEUR,SCA,P31_S14,IT,2016-04-01,267599.3
Q,CLV20_MEUR,SCA,P31_S14,IT,2016-07-01,268096.4
Q,CLV20_MEUR,SCA,P31_S14,IT,2016-10-01,269280.9
Q,CLV20_MEUR,SCA,P31_S14,IT,2017-01-01,270899.4
Q,CLV20_MEUR,SCA,P31_S14,IT,2017-04-01,271465
Q,CLV20_MEUR,SCA,P31_S14,IT,2017-07-01,271111
Q,CLV20_MEUR,SCA,P31_S14,IT,2017-10-01,271921.9
Q,CLV20_MEUR,SCA,P31_S14,IT,2018-01-01,272664.2
Q,CLV20_MEUR,SCA,P31_S14,IT,2018-04-01,273293.4
Q,CLV20_MEUR,SCA,P31_S14,IT,2018-07-01,273023.2
Q,CLV20_MEUR,SCA,P31_S14,IT,2018-10-01,273075.1
Q,CLV20_MEUR,SCA,P31_S14,IT,2019-01-01,273927.3
Q,CLV20_MEUR,SCA,P31_S14,IT,2019-04-01,274960
Q,CLV20_MEUR,SCA,P31_S14,IT,2019-07-01,272580.3
Q,CLV20_MEUR,SCA,P31_S14,IT,2019-10-01,272028.1
Q,CLV20_MEUR,SCA,P31_S14,IT,2020-01-01,252707.9
Q,CLV20_MEUR,SCA,P31_S14,IT,2020-04-01,220788.3
Q,CLV20_MEUR,SCA,P31_S14,IT,2020-07-01,250578.9
Q,CLV20_MEUR,SCA,P31_S14,IT,2020-10-01,243669.7
Q,CLV20_MEUR,SCA,P31_S14,IT,2021-01-01,241502.2
Q,CLV20_MEUR,SCA,P31_S14,IT,2021-04-01,254682.2
Q,CLV20_MEUR,SCA,P31_S14,IT,2021-07-01,262923.6
Q,CLV20_MEUR,SCA,P31_S14,IT,2021-10-01,266015.5
Q,CLV20_MEUR,SCA,P31_S14,IT,2022-01-01,268222.3
Q,CLV20_MEUR,SCA,P31_S14,IT,2022-04-01,274208.2
Q,CLV20_MEUR,SCA,P31_S14,IT,2022-07-01,275061.3
Q,CLV20_MEUR,SCA,P31_S14,IT,2022-10-01,271294.6
Q,CLV20_MEUR,SCA,P31_S14,IT,2023-01-01,275059.1
Q,CLV20_MEUR,SCA,P31_S14,IT,2023-04-01,274402.3
Q,CLV20_MEUR,SCA,P31_S14,IT,2023-07-01,273185.6
Q,CLV20_MEUR,SCA,P31_S14,IT,2023-10-01,272349.8
Q,CLV20_MEUR,SCA,P31_S14,IT,2024-01-01,275892.3
Q,CLV20_MEUR,SCA,P31_S14,IT,2024-04-01,276970.9
Q,CLV20_MEUR,SCA,P31_S14,IT,2024-07-01,277339.4
Q,CLV20_MEUR,SCA,P31_S14,IT,2024-10-01,278760.1
Q,CLV20_MEUR,SCA,P31_S14,IT,2025-01-01,278943.2
Q,CLV20_MEUR,SCA,P31_S14,IT,2025-04-01,279683.5
Q,CLV20_MEUR,SCA,P31_S14,IT,2025-07-01,280475.4
Q,CLV20_MEUR,SCA,P31_S14,IT,2025-10-01,280668.2
Q,CLV20_MEUR,SCA,P31_S14,IT,2026-01-01,282156.2
Q,CLV20_MEUR,SCA,P31_S14,IT,2026-04-01,283037.9
Q,CLV20_MEUR,SCA,P31_S14,NL,1978-01-01,NA
Q,CLV20_MEUR,SCA,P31_S14,NL,1978-04-01,NA
Q,CLV20_MEUR,SCA,P31_S14,NL,1978-07-01,NA
Q,CLV20_MEUR,SCA,P31_S14,NL,1978-10-01,NA
Q,CLV20_MEUR,SCA,P31_S14,NL,1979-01-01,NA
Q,CLV20_MEUR,SCA,P31_S14,NL,1979-04-01,NA
Q,CLV20_MEUR,SCA,P31_S14,NL,1979-07-01,NA
Q,CLV20_MEUR,SCA,P31_S14,NL,1979-10-01,NA
Q,CLV20_MEUR,SCA,P31_S14,NL,1980-01-01,NA
Q,CLV20_MEUR,SCA,P31_S14,NL,1980-04-01,NA
Q,CLV20_MEUR,SCA,P31_S14,NL,1980-07-01,NA
Q,CLV20_MEUR,SCA,P31_S14,NL,1980-10-01,NA
Q,CLV20_MEUR,SCA,P31_S14,NL,1981-01-01,NA
Q,CLV20_MEUR,SCA,P31_S14,NL,1981-04-01,NA
Q,CLV20_MEUR,SCA,P31_S14,NL,1981-07-01,NA
Q,CLV20_MEUR,SCA,P31_S14,NL,1981-10-01,NA
Q,CLV20_MEUR,SCA,P31_S14,NL,1982-01-01,NA
Q,CLV20_MEUR,SCA,P31_S14,NL,1982-04-01,NA
Q,CLV20_MEUR,SCA,P31_S14,NL,1982-07-01,NA
Q,CLV20_MEUR,SCA,P31_S14,NL,1982-10-01,NA
Q,CLV20_MEUR,SCA,P31_S14,NL,1983-01-01,NA
Q,CLV20_MEUR,SCA,P31_S14,NL,1983-04-01,NA
Q,CLV20_MEUR,SCA,P31_S14,NL,1983-07-01,NA
Q,CLV20_MEUR,SCA,P31_S14,NL,1983-10-01,NA
Q,CLV20_MEUR,SCA,P31_S14,NL,1984-01-01,NA
Q,CLV20_MEUR,SCA,P31_S14,NL,1984-04-01,NA
Q,CLV20_MEUR,SCA,P31_S14,NL,1984-07-01,NA
Q,CLV20_MEUR,SCA,P31_S14,NL,1984-10-01,NA
Q,CLV20_MEUR,SCA,P31_S14,NL,1985-01-01,NA
Q,CLV20_MEUR,SCA,P31_S14,NL,1985-04-01,NA
Q,CLV20_MEUR,SCA,P31_S14,NL,1985-07-01,NA
Q,CLV20_MEUR,SCA,P31_S14,NL,1985-10-01,NA
Q,CLV20_MEUR,SCA,P31_S14,NL,1986-01-01,NA
Q,CLV20_MEUR,SCA,P31_S14,NL,1986-04-01,NA
Q,CLV20_MEUR,SCA,P31_S14,NL,1986-07-01,NA
Q,CLV20_MEUR,SCA,P31_S14,NL,1986-10-01,NA
Q,CLV20_MEUR,SCA,P31_S14,NL,1987-01-01,NA
Q,CLV20_MEUR,SCA,P31_S14,NL,1987-04-01,NA
Q,CLV20_MEUR,SCA,P31_S14,NL,1987-07-01,NA
Q,CLV20_MEUR,SCA,P31_S14,NL,1987-10-01,NA
Q,CLV20_MEUR,SCA,P31_S14,NL,1988-01-01,NA
Q,CLV20_MEUR,SCA,P31_S14,NL,1988-04-01,NA
Q,CLV20_MEUR,SCA,P31_S14,NL,1988-07-01,NA
Q,CLV20_MEUR,SCA,P31_S14,NL,1988-10-01,NA
Q,CLV20_MEUR,SCA,P31_S14,NL,1989-01-01,NA
Q,CLV20_MEUR,SCA,P31_S14,NL,1989-04-01,NA
Q,CLV20_MEUR,SCA,P31_S14,NL,1989-07-01,NA
Q,CLV20_MEUR,SCA,P31_S14,NL,1989-10-01,NA
Q,CLV20_MEUR,SCA,P31_S14,NL,1990-01-01,NA
Q,CLV20_MEUR,SCA,P31_S14,NL,1990-04-01,NA
Q,CLV20_MEUR,SCA,P31_S14,NL,1990-07-01,NA
Q,CLV20_MEUR,SCA,P31_S14,NL,1990-10-01,NA
Q,CLV20_MEUR,SCA,P31_S14,NL,1991-01-01,NA
Q,CLV20_MEUR,SCA,P31_S14,NL,1991-04-01,NA
Q,CLV20_MEUR,SCA,P31_S14,NL,1991-07-01,NA
Q,CLV20_MEUR,SCA,P31_S14,NL,1991-10-01,NA
Q,CLV20_MEUR,SCA,P31_S14,NL,1992-01-01,NA
Q,CLV20_MEUR,SCA,P31_S14,NL,1992-04-01,NA
Q,CLV20_MEUR,SCA,P31_S14,NL,1992-07-01,NA
Q,CLV20_MEUR,SCA,P31_S14,NL,1992-10-01,NA
Q,CLV20_MEUR,SCA,P31_S14,NL,1993-01-01,NA
Q,CLV20_MEUR,SCA,P31_S14,NL,1993-04-01,NA
Q,CLV20_MEUR,SCA,P31_S14,NL,1993-07-01,NA
Q,CLV20_MEUR,SCA,P31_S14,NL,1993-10-01,NA
Q,CLV20_MEUR,SCA,P31_S14,NL,1994-01-01,NA
Q,CLV20_MEUR,SCA,P31_S14,NL,1994-04-01,NA
Q,CLV20_MEUR,SCA,P31_S14,NL,1994-07-01,NA
Q,CLV20_MEUR,SCA,P31_S14,NL,1994-10-01,NA
Q,CLV20_MEUR,SCA,P31_S14,NL,1995-01-01,NA
Q,CLV20_MEUR,SCA,P31_S14,NL,1995-04-01,NA
Q,CLV20_MEUR,SCA,P31_S14,NL,1995-07-01,NA
Q,CLV20_MEUR,SCA,P31_S14,NL,1995-10-01,NA
Q,CLV20_MEUR,SCA,P31_S14,NL,1996-01-01,63937.6
Q,CLV20_MEUR,SCA,P31_S14,NL,1996-04-01,64674.8
Q,CLV20_MEUR,SCA,P31_S14,NL,1996-07-01,65523.2
Q,CLV20_MEUR,SCA,P31_S14,NL,1996-10-01,66274.7
Q,CLV20_MEUR,SCA,P31_S14,NL,1997-01-01,66838.4
Q,CLV20_MEUR,SCA,P31_S14,NL,1997-04-01,67596.7
Q,CLV20_MEUR,SCA,P31_S14,NL,1997-07-01,68440.3
Q,CLV20_MEUR,SCA,P31_S14,NL,1997-10-01,69182.2
Q,CLV20_MEUR,SCA,P31_S14,NL,1998-01-01,69999
Q,CLV20_MEUR,SCA,P31_S14,NL,1998-04-01,71559.6
Q,CLV20_MEUR,SCA,P31_S14,NL,1998-07-01,72409
Q,CLV20_MEUR,SCA,P31_S14,NL,1998-10-01,73350.3
Q,CLV20_MEUR,SCA,P31_S14,NL,1999-01-01,74697.2
Q,CLV20_MEUR,SCA,P31_S14,NL,1999-04-01,75719.1
Q,CLV20_MEUR,SCA,P31_S14,NL,1999-07-01,76482.2
Q,CLV20_MEUR,SCA,P31_S14,NL,1999-10-01,77210.7
Q,CLV20_MEUR,SCA,P31_S14,NL,2000-01-01,77754.3
Q,CLV20_MEUR,SCA,P31_S14,NL,2000-04-01,78252.8
Q,CLV20_MEUR,SCA,P31_S14,NL,2000-07-01,78795.4
Q,CLV20_MEUR,SCA,P31_S14,NL,2000-10-01,79170.2
Q,CLV20_MEUR,SCA,P31_S14,NL,2001-01-01,79560.3
Q,CLV20_MEUR,SCA,P31_S14,NL,2001-04-01,79963
Q,CLV20_MEUR,SCA,P31_S14,NL,2001-07-01,80365.6
Q,CLV20_MEUR,SCA,P31_S14,NL,2001-10-01,80950.3
Q,CLV20_MEUR,SCA,P31_S14,NL,2002-01-01,80830.5
Q,CLV20_MEUR,SCA,P31_S14,NL,2002-04-01,80964.7
Q,CLV20_MEUR,SCA,P31_S14,NL,2002-07-01,81019.4
Q,CLV20_MEUR,SCA,P31_S14,NL,2002-10-01,81654.9
Q,CLV20_MEUR,SCA,P31_S14,NL,2003-01-01,81374.1
Q,CLV20_MEUR,SCA,P31_S14,NL,2003-04-01,81072.1
Q,CLV20_MEUR,SCA,P31_S14,NL,2003-07-01,80745.2
Q,CLV20_MEUR,SCA,P31_S14,NL,2003-10-01,81035.7
Q,CLV20_MEUR,SCA,P31_S14,NL,2004-01-01,81707.7
Q,CLV20_MEUR,SCA,P31_S14,NL,2004-04-01,81921.4
Q,CLV20_MEUR,SCA,P31_S14,NL,2004-07-01,81829.4
Q,CLV20_MEUR,SCA,P31_S14,NL,2004-10-01,81812.2
Q,CLV20_MEUR,SCA,P31_S14,NL,2005-01-01,82016.3
Q,CLV20_MEUR,SCA,P31_S14,NL,2005-04-01,82494.7
Q,CLV20_MEUR,SCA,P31_S14,NL,2005-07-01,83169.6
Q,CLV20_MEUR,SCA,P31_S14,NL,2005-10-01,83074.7
Q,CLV20_MEUR,SCA,P31_S14,NL,2006-01-01,82173.6
Q,CLV20_MEUR,SCA,P31_S14,NL,2006-04-01,82908.8
Q,CLV20_MEUR,SCA,P31_S14,NL,2006-07-01,82949.1
Q,CLV20_MEUR,SCA,P31_S14,NL,2006-10-01,82264.6
Q,CLV20_MEUR,SCA,P31_S14,NL,2007-01-01,83738
Q,CLV20_MEUR,SCA,P31_S14,NL,2007-04-01,83833.9
Q,CLV20_MEUR,SCA,P31_S14,NL,2007-07-01,84330.5
Q,CLV20_MEUR,SCA,P31_S14,NL,2007-10-01,84666
Q,CLV20_MEUR,SCA,P31_S14,NL,2008-01-01,84476.2
Q,CLV20_MEUR,SCA,P31_S14,NL,2008-04-01,84872.1
Q,CLV20_MEUR,SCA,P31_S14,NL,2008-07-01,84492.5
Q,CLV20_MEUR,SCA,P31_S14,NL,2008-10-01,83998.8
Q,CLV20_MEUR,SCA,P31_S14,NL,2009-01-01,83381.4
Q,CLV20_MEUR,SCA,P31_S14,NL,2009-04-01,82424.7
Q,CLV20_MEUR,SCA,P31_S14,NL,2009-07-01,82369.1
Q,CLV20_MEUR,SCA,P31_S14,NL,2009-10-01,82409.4
Q,CLV20_MEUR,SCA,P31_S14,NL,2010-01-01,82581
Q,CLV20_MEUR,SCA,P31_S14,NL,2010-04-01,82700.8
Q,CLV20_MEUR,SCA,P31_S14,NL,2010-07-01,83134.1
Q,CLV20_MEUR,SCA,P31_S14,NL,2010-10-01,83682.4
Q,CLV20_MEUR,SCA,P31_S14,NL,2011-01-01,83670
Q,CLV20_MEUR,SCA,P31_S14,NL,2011-04-01,83794.6
Q,CLV20_MEUR,SCA,P31_S14,NL,2011-07-01,83438
Q,CLV20_MEUR,SCA,P31_S14,NL,2011-10-01,83076.6
Q,CLV20_MEUR,SCA,P31_S14,NL,2012-01-01,83437
Q,CLV20_MEUR,SCA,P31_S14,NL,2012-04-01,83160.9
Q,CLV20_MEUR,SCA,P31_S14,NL,2012-07-01,82529.2
Q,CLV20_MEUR,SCA,P31_S14,NL,2012-10-01,81676
Q,CLV20_MEUR,SCA,P31_S14,NL,2013-01-01,82257
Q,CLV20_MEUR,SCA,P31_S14,NL,2013-04-01,81966.5
Q,CLV20_MEUR,SCA,P31_S14,NL,2013-07-01,82581.9
Q,CLV20_MEUR,SCA,P31_S14,NL,2013-10-01,82905.9
Q,CLV20_MEUR,SCA,P31_S14,NL,2014-01-01,82532.1
Q,CLV20_MEUR,SCA,P31_S14,NL,2014-04-01,82840.8
Q,CLV20_MEUR,SCA,P31_S14,NL,2014-07-01,82975.9
Q,CLV20_MEUR,SCA,P31_S14,NL,2014-10-01,83848.3
Q,CLV20_MEUR,SCA,P31_S14,NL,2015-01-01,84590.3
Q,CLV20_MEUR,SCA,P31_S14,NL,2015-04-01,85060.9
Q,CLV20_MEUR,SCA,P31_S14,NL,2015-07-01,85120.4
Q,CLV20_MEUR,SCA,P31_S14,NL,2015-10-01,85408
Q,CLV20_MEUR,SCA,P31_S14,NL,2016-01-01,85393.6
Q,CLV20_MEUR,SCA,P31_S14,NL,2016-04-01,85709.9
Q,CLV20_MEUR,SCA,P31_S14,NL,2016-07-01,86746.2
Q,CLV20_MEUR,SCA,P31_S14,NL,2016-10-01,87355.9
Q,CLV20_MEUR,SCA,P31_S14,NL,2017-01-01,87638.7
Q,CLV20_MEUR,SCA,P31_S14,NL,2017-04-01,88343.3
Q,CLV20_MEUR,SCA,P31_S14,NL,2017-07-01,89267.4
Q,CLV20_MEUR,SCA,P31_S14,NL,2017-10-01,88822.6
Q,CLV20_MEUR,SCA,P31_S14,NL,2018-01-01,90642.1
Q,CLV20_MEUR,SCA,P31_S14,NL,2018-04-01,90805
Q,CLV20_MEUR,SCA,P31_S14,NL,2018-07-01,91216.3
Q,CLV20_MEUR,SCA,P31_S14,NL,2018-10-01,90998.7
Q,CLV20_MEUR,SCA,P31_S14,NL,2019-01-01,91375.4
Q,CLV20_MEUR,SCA,P31_S14,NL,2019-04-01,92147.1
Q,CLV20_MEUR,SCA,P31_S14,NL,2019-07-01,92278.5
Q,CLV20_MEUR,SCA,P31_S14,NL,2019-10-01,92932.2
Q,CLV20_MEUR,SCA,P31_S14,NL,2020-01-01,90111
Q,CLV20_MEUR,SCA,P31_S14,NL,2020-04-01,80898.6
Q,CLV20_MEUR,SCA,P31_S14,NL,2020-07-01,90395.7
Q,CLV20_MEUR,SCA,P31_S14,NL,2020-10-01,86085.7
Q,CLV20_MEUR,SCA,P31_S14,NL,2021-01-01,83253.9
Q,CLV20_MEUR,SCA,P31_S14,NL,2021-04-01,89961.4
Q,CLV20_MEUR,SCA,P31_S14,NL,2021-07-01,94184.2
Q,CLV20_MEUR,SCA,P31_S14,NL,2021-10-01,93249.5
Q,CLV20_MEUR,SCA,P31_S14,NL,2022-01-01,93119.2
Q,CLV20_MEUR,SCA,P31_S14,NL,2022-04-01,96943.1
Q,CLV20_MEUR,SCA,P31_S14,NL,2022-07-01,96669.9
Q,CLV20_MEUR,SCA,P31_S14,NL,2022-10-01,95960.5
Q,CLV20_MEUR,SCA,P31_S14,NL,2023-01-01,96325.8
Q,CLV20_MEUR,SCA,P31_S14,NL,2023-04-01,96782.1
Q,CLV20_MEUR,SCA,P31_S14,NL,2023-07-01,95997
Q,CLV20_MEUR,SCA,P31_S14,NL,2023-10-01,96752.4
Q,CLV20_MEUR,SCA,P31_S14,NL,2024-01-01,96490.7
Q,CLV20_MEUR,SCA,P31_S14,NL,2024-04-01,96324.8
Q,CLV20_MEUR,SCA,P31_S14,NL,2024-07-01,96874.1
Q,CLV20_MEUR,SCA,P31_S14,NL,2024-10-01,97618
Q,CLV20_MEUR,SCA,P31_S14,NL,2025-01-01,97960.2
Q,CLV20_MEUR,SCA,P31_S14,NL,2025-04-01,97163.6
Q,CLV20_MEUR,SCA,P31_S14,NL,2025-07-01,97978.5
Q,CLV20_MEUR,SCA,P31_S14,NL,2025-10-01,98103.1
Q,CLV20_MEUR,SCA,P31_S14,NL,2026-01-01,98385.9
Q,CLV20_MEUR,SCA,P31_S14,NL,2026-04-01,98970.6
Q,CLV20_MEUR,SCA,P31_S14,AT,1978-01-01,NA
Q,CLV20_MEUR,SCA,P31_S14,AT,1978-04-01,NA
Q,CLV20_MEUR,SCA,P31_S14,AT,1978-07-01,NA
Q,CLV20_MEUR,SCA,P31_S14,AT,1978-10-01,NA
Q,CLV20_MEUR,SCA,P31_S14,AT,1979-01-01,NA
Q,CLV20_MEUR,SCA,P31_S14,AT,1979-04-01,NA
Q,CLV20_MEUR,SCA,P31_S14,AT,1979-07-01,NA
Q,CLV20_MEUR,SCA,P31_S14,AT,1979-10-01,NA
Q,CLV20_MEUR,SCA,P31_S14,AT,1980-01-01,NA
Q,CLV20_MEUR,SCA,P31_S14,AT,1980-04-01,NA
Q,CLV20_MEUR,SCA,P31_S14,AT,1980-07-01,NA
Q,CLV20_MEUR,SCA,P31_S14,AT,1980-10-01,NA
Q,CLV20_MEUR,SCA,P31_S14,AT,1981-01-01,NA
Q,CLV20_MEUR,SCA,P31_S14,AT,1981-04-01,NA
Q,CLV20_MEUR,SCA,P31_S14,AT,1981-07-01,NA
Q,CLV20_MEUR,SCA,P31_S14,AT,1981-10-01,NA
Q,CLV20_MEUR,SCA,P31_S14,AT,1982-01-01,NA
Q,CLV20_MEUR,SCA,P31_S14,AT,1982-04-01,NA
Q,CLV20_MEUR,SCA,P31_S14,AT,1982-07-01,NA
Q,CLV20_MEUR,SCA,P31_S14,AT,1982-10-01,NA
Q,CLV20_MEUR,SCA,P31_S14,AT,1983-01-01,NA
Q,CLV20_MEUR,SCA,P31_S14,AT,1983-04-01,NA
Q,CLV20_MEUR,SCA,P31_S14,AT,1983-07-01,NA
Q,CLV20_MEUR,SCA,P31_S14,AT,1983-10-01,NA
Q,CLV20_MEUR,SCA,P31_S14,AT,1984-01-01,NA
Q,CLV20_MEUR,SCA,P31_S14,AT,1984-04-01,NA
Q,CLV20_MEUR,SCA,P31_S14,AT,1984-07-01,NA
Q,CLV20_MEUR,SCA,P31_S14,AT,1984-10-01,NA
Q,CLV20_MEUR,SCA,P31_S14,AT,1985-01-01,NA
Q,CLV20_MEUR,SCA,P31_S14,AT,1985-04-01,NA
Q,CLV20_MEUR,SCA,P31_S14,AT,1985-07-01,NA
Q,CLV20_MEUR,SCA,P31_S14,AT,1985-10-01,NA
Q,CLV20_MEUR,SCA,P31_S14,AT,1986-01-01,NA
Q,CLV20_MEUR,SCA,P31_S14,AT,1986-04-01,NA
Q,CLV20_MEUR,SCA,P31_S14,AT,1986-07-01,NA
Q,CLV20_MEUR,SCA,P31_S14,AT,1986-10-01,NA
Q,CLV20_MEUR,SCA,P31_S14,AT,1987-01-01,NA
Q,CLV20_MEUR,SCA,P31_S14,AT,1987-04-01,NA
Q,CLV20_MEUR,SCA,P31_S14,AT,1987-07-01,NA
Q,CLV20_MEUR,SCA,P31_S14,AT,1987-10-01,NA
Q,CLV20_MEUR,SCA,P31_S14,AT,1988-01-01,NA
Q,CLV20_MEUR,SCA,P31_S14,AT,1988-04-01,NA
Q,CLV20_MEUR,SCA,P31_S14,AT,1988-07-01,NA
Q,CLV20_MEUR,SCA,P31_S14,AT,1988-10-01,NA
Q,CLV20_MEUR,SCA,P31_S14,AT,1989-01-01,NA
Q,CLV20_MEUR,SCA,P31_S14,AT,1989-04-01,NA
Q,CLV20_MEUR,SCA,P31_S14,AT,1989-07-01,NA
Q,CLV20_MEUR,SCA,P31_S14,AT,1989-10-01,NA
Q,CLV20_MEUR,SCA,P31_S14,AT,1990-01-01,NA
Q,CLV20_MEUR,SCA,P31_S14,AT,1990-04-01,NA
Q,CLV20_MEUR,SCA,P31_S14,AT,1990-07-01,NA
Q,CLV20_MEUR,SCA,P31_S14,AT,1990-10-01,NA
Q,CLV20_MEUR,SCA,P31_S14,AT,1991-01-01,NA
Q,CLV20_MEUR,SCA,P31_S14,AT,1991-04-01,NA
Q,CLV20_MEUR,SCA,P31_S14,AT,1991-07-01,NA
Q,CLV20_MEUR,SCA,P31_S14,AT,1991-10-01,NA
Q,CLV20_MEUR,SCA,P31_S14,AT,1992-01-01,NA
Q,CLV20_MEUR,SCA,P31_S14,AT,1992-04-01,NA
Q,CLV20_MEUR,SCA,P31_S14,AT,1992-07-01,NA
Q,CLV20_MEUR,SCA,P31_S14,AT,1992-10-01,NA
Q,CLV20_MEUR,SCA,P31_S14,AT,1993-01-01,NA
Q,CLV20_MEUR,SCA,P31_S14,AT,1993-04-01,NA
Q,CLV20_MEUR,SCA,P31_S14,AT,1993-07-01,NA
Q,CLV20_MEUR,SCA,P31_S14,AT,1993-10-01,NA
Q,CLV20_MEUR,SCA,P31_S14,AT,1994-01-01,NA
Q,CLV20_MEUR,SCA,P31_S14,AT,1994-04-01,NA
Q,CLV20_MEUR,SCA,P31_S14,AT,1994-07-01,NA
Q,CLV20_MEUR,SCA,P31_S14,AT,1994-10-01,NA
Q,CLV20_MEUR,SCA,P31_S14,AT,1995-01-01,36426.5
Q,CLV20_MEUR,SCA,P31_S14,AT,1995-04-01,36456.2
Q,CLV20_MEUR,SCA,P31_S14,AT,1995-07-01,36669.7
Q,CLV20_MEUR,SCA,P31_S14,AT,1995-10-01,36919.8
Q,CLV20_MEUR,SCA,P31_S14,AT,1996-01-01,37322.3
Q,CLV20_MEUR,SCA,P31_S14,AT,1996-04-01,37554
Q,CLV20_MEUR,SCA,P31_S14,AT,1996-07-01,37689.6
Q,CLV20_MEUR,SCA,P31_S14,AT,1996-10-01,37605.3
Q,CLV20_MEUR,SCA,P31_S14,AT,1997-01-01,37438.3
Q,CLV20_MEUR,SCA,P31_S14,AT,1997-04-01,37621.7
Q,CLV20_MEUR,SCA,P31_S14,AT,1997-07-01,37640.6
Q,CLV20_MEUR,SCA,P31_S14,AT,1997-10-01,37874.3
Q,CLV20_MEUR,SCA,P31_S14,AT,1998-01-01,38263.4
Q,CLV20_MEUR,SCA,P31_S14,AT,1998-04-01,38566
Q,CLV20_MEUR,SCA,P31_S14,AT,1998-07-01,38916.4
Q,CLV20_MEUR,SCA,P31_S14,AT,1998-10-01,39191.2
Q,CLV20_MEUR,SCA,P31_S14,AT,1999-01-01,39340.3
Q,CLV20_MEUR,SCA,P31_S14,AT,1999-04-01,39627.6
Q,CLV20_MEUR,SCA,P31_S14,AT,1999-07-01,39917.3
Q,CLV20_MEUR,SCA,P31_S14,AT,1999-10-01,40281.6
Q,CLV20_MEUR,SCA,P31_S14,AT,2000-01-01,40703
Q,CLV20_MEUR,SCA,P31_S14,AT,2000-04-01,40863.1
Q,CLV20_MEUR,SCA,P31_S14,AT,2000-07-01,41128.4
Q,CLV20_MEUR,SCA,P31_S14,AT,2000-10-01,41407.5
Q,CLV20_MEUR,SCA,P31_S14,AT,2001-01-01,41442.8
Q,CLV20_MEUR,SCA,P31_S14,AT,2001-04-01,41499.9
Q,CLV20_MEUR,SCA,P31_S14,AT,2001-07-01,41655.9
Q,CLV20_MEUR,SCA,P31_S14,AT,2001-10-01,41768.2
Q,CLV20_MEUR,SCA,P31_S14,AT,2002-01-01,41578.2
Q,CLV20_MEUR,SCA,P31_S14,AT,2002-04-01,41911
Q,CLV20_MEUR,SCA,P31_S14,AT,2002-07-01,41828.5
Q,CLV20_MEUR,SCA,P31_S14,AT,2002-10-01,41952.4
Q,CLV20_MEUR,SCA,P31_S14,AT,2003-01-01,42367.3
Q,CLV20_MEUR,SCA,P31_S14,AT,2003-04-01,42542.2
Q,CLV20_MEUR,SCA,P31_S14,AT,2003-07-01,42776
Q,CLV20_MEUR,SCA,P31_S14,AT,2003-10-01,42953.2
Q,CLV20_MEUR,SCA,P31_S14,AT,2004-01-01,43256.8
Q,CLV20_MEUR,SCA,P31_S14,AT,2004-04-01,43509.3
Q,CLV20_MEUR,SCA,P31_S14,AT,2004-07-01,43677.3
Q,CLV20_MEUR,SCA,P31_S14,AT,2004-10-01,43707.1
Q,CLV20_MEUR,SCA,P31_S14,AT,2005-01-01,44199.3
Q,CLV20_MEUR,SCA,P31_S14,AT,2005-04-01,44472.2
Q,CLV20_MEUR,SCA,P31_S14,AT,2005-07-01,44591.4
Q,CLV20_MEUR,SCA,P31_S14,AT,2005-10-01,44793.9
Q,CLV20_MEUR,SCA,P31_S14,AT,2006-01-01,44898.6
Q,CLV20_MEUR,SCA,P31_S14,AT,2006-04-01,45076.6
Q,CLV20_MEUR,SCA,P31_S14,AT,2006-07-01,45668
Q,CLV20_MEUR,SCA,P31_S14,AT,2006-10-01,45800.2
Q,CLV20_MEUR,SCA,P31_S14,AT,2007-01-01,45449.7
Q,CLV20_MEUR,SCA,P31_S14,AT,2007-04-01,45851.7
Q,CLV20_MEUR,SCA,P31_S14,AT,2007-07-01,46128.6
Q,CLV20_MEUR,SCA,P31_S14,AT,2007-10-01,46909.9
Q,CLV20_MEUR,SCA,P31_S14,AT,2008-01-01,47375.8
Q,CLV20_MEUR,SCA,P31_S14,AT,2008-04-01,47023.7
Q,CLV20_MEUR,SCA,P31_S14,AT,2008-07-01,45867.8
Q,CLV20_MEUR,SCA,P31_S14,AT,2008-10-01,46770.2
Q,CLV20_MEUR,SCA,P31_S14,AT,2009-01-01,46306
Q,CLV20_MEUR,SCA,P31_S14,AT,2009-04-01,47123.8
Q,CLV20_MEUR,SCA,P31_S14,AT,2009-07-01,47066.4
Q,CLV20_MEUR,SCA,P31_S14,AT,2009-10-01,47083.7
Q,CLV20_MEUR,SCA,P31_S14,AT,2010-01-01,47167.6
Q,CLV20_MEUR,SCA,P31_S14,AT,2010-04-01,47211
Q,CLV20_MEUR,SCA,P31_S14,AT,2010-07-01,47709.7
Q,CLV20_MEUR,SCA,P31_S14,AT,2010-10-01,48013.1
Q,CLV20_MEUR,SCA,P31_S14,AT,2011-01-01,47993.1
Q,CLV20_MEUR,SCA,P31_S14,AT,2011-04-01,48120.5
Q,CLV20_MEUR,SCA,P31_S14,AT,2011-07-01,48131.8
Q,CLV20_MEUR,SCA,P31_S14,AT,2011-10-01,48294.7
Q,CLV20_MEUR,SCA,P31_S14,AT,2012-01-01,48786
Q,CLV20_MEUR,SCA,P31_S14,AT,2012-04-01,48598.4
Q,CLV20_MEUR,SCA,P31_S14,AT,2012-07-01,48245.6
Q,CLV20_MEUR,SCA,P31_S14,AT,2012-10-01,48129.2
Q,CLV20_MEUR,SCA,P31_S14,AT,2013-01-01,48270.5
Q,CLV20_MEUR,SCA,P31_S14,AT,2013-04-01,48199.9
Q,CLV20_MEUR,SCA,P31_S14,AT,2013-07-01,48310.8
Q,CLV20_MEUR,SCA,P31_S14,AT,2013-10-01,48396.8
Q,CLV20_MEUR,SCA,P31_S14,AT,2014-01-01,48023.1
Q,CLV20_MEUR,SCA,P31_S14,AT,2014-04-01,48121.1
Q,CLV20_MEUR,SCA,P31_S14,AT,2014-07-01,48351.7
Q,CLV20_MEUR,SCA,P31_S14,AT,2014-10-01,48241.8
Q,CLV20_MEUR,SCA,P31_S14,AT,2015-01-01,48637.7
Q,CLV20_MEUR,SCA,P31_S14,AT,2015-04-01,48626.5
Q,CLV20_MEUR,SCA,P31_S14,AT,2015-07-01,48832.6
Q,CLV20_MEUR,SCA,P31_S14,AT,2015-10-01,48994.7
Q,CLV20_MEUR,SCA,P31_S14,AT,2016-01-01,49282.1
Q,CLV20_MEUR,SCA,P31_S14,AT,2016-04-01,49564.5
Q,CLV20_MEUR,SCA,P31_S14,AT,2016-07-01,49768.9
Q,CLV20_MEUR,SCA,P31_S14,AT,2016-10-01,50080.8
Q,CLV20_MEUR,SCA,P31_S14,AT,2017-01-01,50204
Q,CLV20_MEUR,SCA,P31_S14,AT,2017-04-01,50479.7
Q,CLV20_MEUR,SCA,P31_S14,AT,2017-07-01,50772.8
Q,CLV20_MEUR,SCA,P31_S14,AT,2017-10-01,50588.3
Q,CLV20_MEUR,SCA,P31_S14,AT,2018-01-01,50901.3
Q,CLV20_MEUR,SCA,P31_S14,AT,2018-04-01,51022.4
Q,CLV20_MEUR,SCA,P31_S14,AT,2018-07-01,50687
Q,CLV20_MEUR,SCA,P31_S14,AT,2018-10-01,51265.9
Q,CLV20_MEUR,SCA,P31_S14,AT,2019-01-01,51158.4
Q,CLV20_MEUR,SCA,P31_S14,AT,2019-04-01,51264.8
Q,CLV20_MEUR,SCA,P31_S14,AT,2019-07-01,51594.8
Q,CLV20_MEUR,SCA,P31_S14,AT,2019-10-01,51380.1
Q,CLV20_MEUR,SCA,P31_S14,AT,2020-01-01,48744.3
Q,CLV20_MEUR,SCA,P31_S14,AT,2020-04-01,43293.4
Q,CLV20_MEUR,SCA,P31_S14,AT,2020-07-01,50121.3
Q,CLV20_MEUR,SCA,P31_S14,AT,2020-10-01,45624.6
Q,CLV20_MEUR,SCA,P31_S14,AT,2021-01-01,41555.2
Q,CLV20_MEUR,SCA,P31_S14,AT,2021-04-01,47964
Q,CLV20_MEUR,SCA,P31_S14,AT,2021-07-01,52937.7
Q,CLV20_MEUR,SCA,P31_S14,AT,2021-10-01,49588.8
Q,CLV20_MEUR,SCA,P31_S14,AT,2022-01-01,50264
Q,CLV20_MEUR,SCA,P31_S14,AT,2022-04-01,52127.4
Q,CLV20_MEUR,SCA,P31_S14,AT,2022-07-01,52194.5
Q,CLV20_MEUR,SCA,P31_S14,AT,2022-10-01,51606.2
Q,CLV20_MEUR,SCA,P31_S14,AT,2023-01-01,51500.7
Q,CLV20_MEUR,SCA,P31_S14,AT,2023-04-01,51545.2
Q,CLV20_MEUR,SCA,P31_S14,AT,2023-07-01,51297
Q,CLV20_MEUR,SCA,P31_S14,AT,2023-10-01,51081.1
Q,CLV20_MEUR,SCA,P31_S14,AT,2024-01-01,51555
Q,CLV20_MEUR,SCA,P31_S14,AT,2024-04-01,51434.9
Q,CLV20_MEUR,SCA,P31_S14,AT,2024-07-01,51670.1
Q,CLV20_MEUR,SCA,P31_S14,AT,2024-10-01,52095.7
Q,CLV20_MEUR,SCA,P31_S14,AT,2025-01-01,51958.5
Q,CLV20_MEUR,SCA,P31_S14,AT,2025-04-01,52238.2
Q,CLV20_MEUR,SCA,P31_S14,AT,2025-07-01,52011.1
Q,CLV20_MEUR,SCA,P31_S14,AT,2025-10-01,52289.7
Q,CLV20_MEUR,SCA,P31_S14,AT,2026-01-01,52250.9
Q,CLV20_MEUR,SCA,P31_S14,AT,2026-04-01,52334
Q,CLV20_MEUR,SCA,P31_S14,SE,1978-01-01,NA
Q,CLV20_MEUR,SCA,P31_S14,SE,1978-04-01,NA
Q,CLV20_MEUR,SCA,P31_S14,SE,1978-07-01,NA
Q,CLV20_MEUR,SCA,P31_S14,SE,1978-10-01,NA
Q,CLV20_MEUR,SCA,P31_S14,SE,1979-01-01,NA
Q,CLV20_MEUR,SCA,P31_S14,SE,1979-04-01,NA
Q,CLV20_MEUR,SCA,P31_S14,SE,1979-07-01,NA
Q,CLV20_MEUR,SCA,P31_S14,SE,1979-10-01,NA
Q,CLV20_MEUR,SCA,P31_S14,SE,1980-01-01,NA
Q,CLV20_MEUR,SCA,P31_S14,SE,1980-04-01,NA
Q,CLV20_MEUR,SCA,P31_S14,SE,1980-07-01,NA
Q,CLV20_MEUR,SCA,P31_S14,SE,1980-10-01,NA
Q,CLV20_MEUR,SCA,P31_S14,SE,1981-01-01,NA
Q,CLV20_MEUR,SCA,P31_S14,SE,1981-04-01,NA
Q,CLV20_MEUR,SCA,P31_S14,SE,1981-07-01,NA
Q,CLV20_MEUR,SCA,P31_S14,SE,1981-10-01,NA
Q,CLV20_MEUR,SCA,P31_S14,SE,1982-01-01,NA
Q,CLV20_MEUR,SCA,P31_S14,SE,1982-04-01,NA
Q,CLV20_MEUR,SCA,P31_S14,SE,1982-07-01,NA
Q,CLV20_MEUR,SCA,P31_S14,SE,1982-10-01,NA
Q,CLV20_MEUR,SCA,P31_S14,SE,1983-01-01,NA
Q,CLV20_MEUR,SCA,P31_S14,SE,1983-04-01,NA
Q,CLV20_MEUR,SCA,P31_S14,SE,1983-07-01,NA
Q,CLV20_MEUR,SCA,P31_S14,SE,1983-10-01,NA
Q,CLV20_MEUR,SCA,P31_S14,SE,1984-01-01,NA
Q,CLV20_MEUR,SCA,P31_S14,SE,1984-04-01,NA
Q,CLV20_MEUR,SCA,P31_S14,SE,1984-07-01,NA
Q,CLV20_MEUR,SCA,P31_S14,SE,1984-10-01,NA
Q,CLV20_MEUR,SCA,P31_S14,SE,1985-01-01,NA
Q,CLV20_MEUR,SCA,P31_S14,SE,1985-04-01,NA
Q,CLV20_MEUR,SCA,P31_S14,SE,1985-07-01,NA
Q,CLV20_MEUR,SCA,P31_S14,SE,1985-10-01,NA
Q,CLV20_MEUR,SCA,P31_S14,SE,1986-01-01,NA
Q,CLV20_MEUR,SCA,P31_S14,SE,1986-04-01,NA
Q,CLV20_MEUR,SCA,P31_S14,SE,1986-07-01,NA
Q,CLV20_MEUR,SCA,P31_S14,SE,1986-10-01,NA
Q,CLV20_MEUR,SCA,P31_S14,SE,1987-01-01,NA
Q,CLV20_MEUR,SCA,P31_S14,SE,1987-04-01,NA
Q,CLV20_MEUR,SCA,P31_S14,SE,1987-07-01,NA
Q,CLV20_MEUR,SCA,P31_S14,SE,1987-10-01,NA
Q,CLV20_MEUR,SCA,P31_S14,SE,1988-01-01,NA
Q,CLV20_MEUR,SCA,P31_S14,SE,1988-04-01,NA
Q,CLV20_MEUR,SCA,P31_S14,SE,1988-07-01,NA
Q,CLV20_MEUR,SCA,P31_S14,SE,1988-10-01,NA
Q,CLV20_MEUR,SCA,P31_S14,SE,1989-01-01,NA
Q,CLV20_MEUR,SCA,P31_S14,SE,1989-04-01,NA
Q,CLV20_MEUR,SCA,P31_S14,SE,1989-07-01,NA
Q,CLV20_MEUR,SCA,P31_S14,SE,1989-10-01,NA
Q,CLV20_MEUR,SCA,P31_S14,SE,1990-01-01,NA
Q,CLV20_MEUR,SCA,P31_S14,SE,1990-04-01,NA
Q,CLV20_MEUR,SCA,P31_S14,SE,1990-07-01,NA
Q,CLV20_MEUR,SCA,P31_S14,SE,1990-10-01,NA
Q,CLV20_MEUR,SCA,P31_S14,SE,1991-01-01,NA
Q,CLV20_MEUR,SCA,P31_S14,SE,1991-04-01,NA
Q,CLV20_MEUR,SCA,P31_S14,SE,1991-07-01,NA
Q,CLV20_MEUR,SCA,P31_S14,SE,1991-10-01,NA
Q,CLV20_MEUR,SCA,P31_S14,SE,1992-01-01,NA
Q,CLV20_MEUR,SCA,P31_S14,SE,1992-04-01,NA
Q,CLV20_MEUR,SCA,P31_S14,SE,1992-07-01,NA
Q,CLV20_MEUR,SCA,P31_S14,SE,1992-10-01,NA
Q,CLV20_MEUR,SCA,P31_S14,SE,1993-01-01,27480.3
Q,CLV20_MEUR,SCA,P31_S14,SE,1993-04-01,27802.9
Q,CLV20_MEUR,SCA,P31_S14,SE,1993-07-01,27934.7
Q,CLV20_MEUR,SCA,P31_S14,SE,1993-10-01,28029.7
Q,CLV20_MEUR,SCA,P31_S14,SE,1994-01-01,28361.6
Q,CLV20_MEUR,SCA,P31_S14,SE,1994-04-01,28246.9
Q,CLV20_MEUR,SCA,P31_S14,SE,1994-07-01,28318.3
Q,CLV20_MEUR,SCA,P31_S14,SE,1994-10-01,28413.9
Q,CLV20_MEUR,SCA,P31_S14,SE,1995-01-01,28651.7
Q,CLV20_MEUR,SCA,P31_S14,SE,1995-04-01,28862.9
Q,CLV20_MEUR,SCA,P31_S14,SE,1995-07-01,28946.9
Q,CLV20_MEUR,SCA,P31_S14,SE,1995-10-01,28782.7
Q,CLV20_MEUR,SCA,P31_S14,SE,1996-01-01,29089.9
Q,CLV20_MEUR,SCA,P31_S14,SE,1996-04-01,29153.7
Q,CLV20_MEUR,SCA,P31_S14,SE,1996-07-01,29554.6
Q,CLV20_MEUR,SCA,P31_S14,SE,1996-10-01,29396.2
Q,CLV20_MEUR,SCA,P31_S14,SE,1997-01-01,29984.7
Q,CLV20_MEUR,SCA,P31_S14,SE,1997-04-01,30382.5
Q,CLV20_MEUR,SCA,P31_S14,SE,1997-07-01,30179.9
Q,CLV20_MEUR,SCA,P31_S14,SE,1997-10-01,30447.9
Q,CLV20_MEUR,SCA,P31_S14,SE,1998-01-01,30669.3
Q,CLV20_MEUR,SCA,P31_S14,SE,1998-04-01,31152.2
Q,CLV20_MEUR,SCA,P31_S14,SE,1998-07-01,31466.2
Q,CLV20_MEUR,SCA,P31_S14,SE,1998-10-01,31753
Q,CLV20_MEUR,SCA,P31_S14,SE,1999-01-01,32121.5
Q,CLV20_MEUR,SCA,P31_S14,SE,1999-04-01,32372
Q,CLV20_MEUR,SCA,P31_S14,SE,1999-07-01,32620
Q,CLV20_MEUR,SCA,P31_S14,SE,1999-10-01,33715.5
Q,CLV20_MEUR,SCA,P31_S14,SE,2000-01-01,34016.2
Q,CLV20_MEUR,SCA,P31_S14,SE,2000-04-01,34342.6
Q,CLV20_MEUR,SCA,P31_S14,SE,2000-07-01,34481.1
Q,CLV20_MEUR,SCA,P31_S14,SE,2000-10-01,34573.1
Q,CLV20_MEUR,SCA,P31_S14,SE,2001-01-01,34861.2
Q,CLV20_MEUR,SCA,P31_S14,SE,2001-04-01,34857.9
Q,CLV20_MEUR,SCA,P31_S14,SE,2001-07-01,35067.1
Q,CLV20_MEUR,SCA,P31_S14,SE,2001-10-01,34995.2
Q,CLV20_MEUR,SCA,P31_S14,SE,2002-01-01,35591.1
Q,CLV20_MEUR,SCA,P31_S14,SE,2002-04-01,35710.4
Q,CLV20_MEUR,SCA,P31_S14,SE,2002-07-01,35898.4
Q,CLV20_MEUR,SCA,P31_S14,SE,2002-10-01,36117.8
Q,CLV20_MEUR,SCA,P31_S14,SE,2003-01-01,36143.5
Q,CLV20_MEUR,SCA,P31_S14,SE,2003-04-01,36312.3
Q,CLV20_MEUR,SCA,P31_S14,SE,2003-07-01,36610.6
Q,CLV20_MEUR,SCA,P31_S14,SE,2003-10-01,36816.5
Q,CLV20_MEUR,SCA,P31_S14,SE,2004-01-01,37305.5
Q,CLV20_MEUR,SCA,P31_S14,SE,2004-04-01,37147.6
Q,CLV20_MEUR,SCA,P31_S14,SE,2004-07-01,37528.6
Q,CLV20_MEUR,SCA,P31_S14,SE,2004-10-01,37738.5
Q,CLV20_MEUR,SCA,P31_S14,SE,2005-01-01,38134.1
Q,CLV20_MEUR,SCA,P31_S14,SE,2005-04-01,38449.7
Q,CLV20_MEUR,SCA,P31_S14,SE,2005-07-01,39216
Q,CLV20_MEUR,SCA,P31_S14,SE,2005-10-01,39213
Q,CLV20_MEUR,SCA,P31_S14,SE,2006-01-01,39419.1
Q,CLV20_MEUR,SCA,P31_S14,SE,2006-04-01,39950
Q,CLV20_MEUR,SCA,P31_S14,SE,2006-07-01,40271.2
Q,CLV20_MEUR,SCA,P31_S14,SE,2006-10-01,40876.6
Q,CLV20_MEUR,SCA,P31_S14,SE,2007-01-01,41329.9
Q,CLV20_MEUR,SCA,P31_S14,SE,2007-04-01,41712
Q,CLV20_MEUR,SCA,P31_S14,SE,2007-07-01,42325.7
Q,CLV20_MEUR,SCA,P31_S14,SE,2007-10-01,42477.1
Q,CLV20_MEUR,SCA,P31_S14,SE,2008-01-01,42295.8
Q,CLV20_MEUR,SCA,P31_S14,SE,2008-04-01,42088.8
Q,CLV20_MEUR,SCA,P31_S14,SE,2008-07-01,41769.9
Q,CLV20_MEUR,SCA,P31_S14,SE,2008-10-01,41435.5
Q,CLV20_MEUR,SCA,P31_S14,SE,2009-01-01,41920.4
Q,CLV20_MEUR,SCA,P31_S14,SE,2009-04-01,42387.9
Q,CLV20_MEUR,SCA,P31_S14,SE,2009-07-01,42528.6
Q,CLV20_MEUR,SCA,P31_S14,SE,2009-10-01,42645.5
Q,CLV20_MEUR,SCA,P31_S14,SE,2010-01-01,43398.7
Q,CLV20_MEUR,SCA,P31_S14,SE,2010-04-01,43505.5
Q,CLV20_MEUR,SCA,P31_S14,SE,2010-07-01,44036.3
Q,CLV20_MEUR,SCA,P31_S14,SE,2010-10-01,43989.3
Q,CLV20_MEUR,SCA,P31_S14,SE,2011-01-01,44307.1
Q,CLV20_MEUR,SCA,P31_S14,SE,2011-04-01,44641.6
Q,CLV20_MEUR,SCA,P31_S14,SE,2011-07-01,44531.1
Q,CLV20_MEUR,SCA,P31_S14,SE,2011-10-01,44596.2
Q,CLV20_MEUR,SCA,P31_S14,SE,2012-01-01,44852.8
Q,CLV20_MEUR,SCA,P31_S14,SE,2012-04-01,44970.6
Q,CLV20_MEUR,SCA,P31_S14,SE,2012-07-01,45141.2
Q,CLV20_MEUR,SCA,P31_S14,SE,2012-10-01,45280.8
Q,CLV20_MEUR,SCA,P31_S14,SE,2013-01-01,45450.7
Q,CLV20_MEUR,SCA,P31_S14,SE,2013-04-01,45519.7
Q,CLV20_MEUR,SCA,P31_S14,SE,2013-07-01,46010.3
Q,CLV20_MEUR,SCA,P31_S14,SE,2013-10-01,46302.7
Q,CLV20_MEUR,SCA,P31_S14,SE,2014-01-01,46562
Q,CLV20_MEUR,SCA,P31_S14,SE,2014-04-01,47193.2
Q,CLV20_MEUR,SCA,P31_S14,SE,2014-07-01,47400.5
Q,CLV20_MEUR,SCA,P31_S14,SE,2014-10-01,47986.4
Q,CLV20_MEUR,SCA,P31_S14,SE,2015-01-01,48612
Q,CLV20_MEUR,SCA,P31_S14,SE,2015-04-01,49052
Q,CLV20_MEUR,SCA,P31_S14,SE,2015-07-01,49449.5
Q,CLV20_MEUR,SCA,P31_S14,SE,2015-10-01,49900.9
Q,CLV20_MEUR,SCA,P31_S14,SE,2016-01-01,49976.1
Q,CLV20_MEUR,SCA,P31_S14,SE,2016-04-01,50164.7
Q,CLV20_MEUR,SCA,P31_S14,SE,2016-07-01,50464.2
Q,CLV20_MEUR,SCA,P31_S14,SE,2016-10-01,51025.7
Q,CLV20_MEUR,SCA,P31_S14,SE,2017-01-01,51600.2
Q,CLV20_MEUR,SCA,P31_S14,SE,2017-04-01,51332.8
Q,CLV20_MEUR,SCA,P31_S14,SE,2017-07-01,51384.1
Q,CLV20_MEUR,SCA,P31_S14,SE,2017-10-01,51976.9
Q,CLV20_MEUR,SCA,P31_S14,SE,2018-01-01,52324.8
Q,CLV20_MEUR,SCA,P31_S14,SE,2018-04-01,52914.6
Q,CLV20_MEUR,SCA,P31_S14,SE,2018-07-01,52748.2
Q,CLV20_MEUR,SCA,P31_S14,SE,2018-10-01,52975.7
Q,CLV20_MEUR,SCA,P31_S14,SE,2019-01-01,52722.5
Q,CLV20_MEUR,SCA,P31_S14,SE,2019-04-01,53016.6
Q,CLV20_MEUR,SCA,P31_S14,SE,2019-07-01,53638.5
Q,CLV20_MEUR,SCA,P31_S14,SE,2019-10-01,53782.4
Q,CLV20_MEUR,SCA,P31_S14,SE,2020-01-01,54439.5
Q,CLV20_MEUR,SCA,P31_S14,SE,2020-04-01,49451.1
Q,CLV20_MEUR,SCA,P31_S14,SE,2020-07-01,52333.2
Q,CLV20_MEUR,SCA,P31_S14,SE,2020-10-01,52094.3
Q,CLV20_MEUR,SCA,P31_S14,SE,2021-01-01,53255.6
Q,CLV20_MEUR,SCA,P31_S14,SE,2021-04-01,53887.2
Q,CLV20_MEUR,SCA,P31_S14,SE,2021-07-01,55841.5
Q,CLV20_MEUR,SCA,P31_S14,SE,2021-10-01,56409.4
Q,CLV20_MEUR,SCA,P31_S14,SE,2022-01-01,56319.5
Q,CLV20_MEUR,SCA,P31_S14,SE,2022-04-01,56954.3
Q,CLV20_MEUR,SCA,P31_S14,SE,2022-07-01,56090.3
Q,CLV20_MEUR,SCA,P31_S14,SE,2022-10-01,55921.6
Q,CLV20_MEUR,SCA,P31_S14,SE,2023-01-01,54906.3
Q,CLV20_MEUR,SCA,P31_S14,SE,2023-04-01,55378.8
Q,CLV20_MEUR,SCA,P31_S14,SE,2023-07-01,55482.3
Q,CLV20_MEUR,SCA,P31_S14,SE,2023-10-01,55812.7
Q,CLV20_MEUR,SCA,P31_S14,SE,2024-01-01,55984.4
Q,CLV20_MEUR,SCA,P31_S14,SE,2024-04-01,55856
Q,CLV20_MEUR,SCA,P31_S14,SE,2024-07-01,56098.6
Q,CLV20_MEUR,SCA,P31_S14,SE,2024-10-01,56590.8
Q,CLV20_MEUR,SCA,P31_S14,SE,2025-01-01,56792.8
Q,CLV20_MEUR,SCA,P31_S14,SE,2025-04-01,56954.8
Q,CLV20_MEUR,SCA,P31_S14,SE,2025-07-01,57483.8
Q,CLV20_MEUR,SCA,P31_S14,SE,2025-10-01,57775.2
Q,CLV20_MEUR,SCA,P31_S14,SE,2026-01-01,58247.1
Q,CLV20_MEUR,SCA,P31_S14,SE,2026-04-01,58792.5
