SEKVENS;KODE;NIVEAU;TITEL;GENERELLE_NOTER;INKLUDERER;INKLUDERER_OGSÅ;EKSKLUDERER;PARAGRAF;MÅLEENHED
1;"AF";1;Afghanistan;;;;;;
2;"AL";1;Albanien;;;;;;
3;"DZ";1;Algeriet;;;;;;
4;"AS";1;Amerikansk Samoa;;;;;;
5;"VI";1;Amerikanske Jomfruøer;;;;;;
6;"AD";1;Andorra;;;;;;
7;"AO";1;Angola;;;;;;
8;"AI";1;Anguilla;;;;;;
9;"AQ";1;Antarktis;;;;;;
10;"AG";1;Antigua og Barbuda;;;;;;
11;"AR";1;Argentina;;;;;;
12;"AM";1;Armenien;;;;;;
13;"AW";1;Aruba;;;;;;
14;"AZ";1;Aserbajdsjan;;;;;;
15;"AU";1;Australien;;;;;;
16;"BS";1;Bahamas;;;;;;
17;"BH";1;Bahrain;;;;;;
18;"BD";1;Bangladesh;;;;;;
19;"BB";1;Barbados;;;;;;
20;"BY";1;Belarus;;;;;;
21;"BE";1;Belgien;;;;;;
22;"BZ";1;Belize;;;;;;
23;"BJ";1;Benin;;;;;;
24;"BM";1;Bermuda;;;;;;
25;"BT";1;Bhutan;;;;;;
26;"BO";1;Bolivia;;;;;;
27;"BQ";1;Bonaire, Skt. Eustatius og Saba;;;;;;
28;"BA";1;Bosnien-Hercegovina;;;;;;
29;"BW";1;Botswana;;;;;;
30;"BV";1;Bouvetøen;;;;;;
31;"BR";1;Brasilien;;;;;;
32;"IO";1;Britisk territorium i det Indiske Ocean;;;;;;
33;"VG";1;Britiske Jomfruøer;;;;;;
34;"BN";1;Brunei;;;;;;
35;"BG";1;Bulgarien;;;;;;
36;"BF";1;Burkina Faso;;;;;;
37;"BI";1;Burundi;;;;;;
38;"KH";1;Cambodja;;;;;;
39;"CM";1;Cameroun;;;;;;
40;"CA";1;Canada;;;;;;
41;"KY";1;Caymanøerne;;;;;;
42;"CF";1;Centralafrikanske Republik;;;;;;
43;"CL";1;Chile;;;;;;
44;"CC";1;Cocosøerne;;;;;;
45;"CO";1;Colombia;;;;;;
46;"KM";1;Comorerne;;;;;;
47;"CD";1;Congo, Demokratiske Republik;;;;;;
48;"CG";1;Congo, Republikken;;;;;;
49;"CK";1;Cookøerne;;;;;;
50;"CR";1;Costa Rica;;;;;;
51;"CU";1;Cuba;;;;;;
52;"CW";1;Curacao;;;;;;
53;"CY";1;Cypern;;;;;;
54;"DK";1;Danmark;;;;;;
55;"DJ";1;Djibouti;;;;;;
56;"DM";1;Dominica;;;;;;
57;"DO";1;Dominikanske Republik;;;;;;
58;"EC";1;Ecuador;;;;;;
59;"EG";1;Egypten;;;;;;
60;"SV";1;El Salvador;;;;;;
61;"CI";1;Elfenbenskysten;;;;;;
62;"ER";1;Eritrea;;;;;;
63;"EE";1;Estland;;;;;;
64;"SZ";1;Eswatini;;;;;;
65;"ET";1;Etiopien;;;;;;
66;"FK";1;Falklandsøerne;;;;;;
67;"FJ";1;Fiji;;;;;;
68;"PH";1;Filippinerne;;;;;;
69;"FI";1;Finland;;;;;;
70;"AE";1;Forenede Arabiske Emirater;;;;;;
71;"FR";1;Frankrig;;;;;;
72;"GF";1;Fransk Guyana;;;;;;
73;"PF";1;Fransk Polynesien;;;;;;
74;"TF";1;Franske Sydlige og Antarktiske Territorier;;;;;;
75;"FO";1;Færøerne;;;;;;
76;"GA";1;Gabon;;;;;;
77;"GM";1;Gambia;;;;;;
78;"GE";1;Georgien;;;;;;
79;"GH";1;Ghana;;;;;;
80;"GI";1;Gibraltar;;;;;;
81;"GD";1;Grenada;;;;;;
82;"GR";1;Grækenland;;;;;;
83;"GL";1;Grønland;;;;;;
84;"GP";1;Guadeloupe;;;;;;
85;"GU";1;Guam;;;;;;
86;"GT";1;Guatemala;;;;;;
87;"GG";1;Guernsey;;;;;;
88;"GN";1;Guinea;;;;;;
89;"GW";1;Guinea-Bissau;;;;;;
90;"GY";1;Guyana;;;;;;
91;"HT";1;Haiti;;;;;;
92;"HM";1;Heard- og McDonaldøerne;;;;;;
93;"HN";1;Honduras;;;;;;
94;"HK";1;Hongkong;;;;;;
95;"IN";1;Indien;;;;;;
96;"ID";1;Indonesien;;;;;;
97;"IQ";1;Irak;;;;;;
98;"IR";1;Iran;;;;;;
99;"IE";1;Irland;;;;;;
100;"IS";1;Island;;;;;;
101;"IM";1;Isle of Man;;;;;;
102;"IL";1;Israel;;;;;;
103;"IT";1;Italien;;;;;;
104;"JM";1;Jamaica;;;;;;
105;"JP";1;Japan;;;;;;
106;"JE";1;Jersey;;;;;;
107;"JO";1;Jordan;;;;;;
108;"CX";1;Juleøen;;;;;;
109;"CV";1;Kap Verde;;;;;;
110;"KZ";1;Kasakhstan;;;;;;
111;"KE";1;Kenya;;;;;;
112;"CN";1;Kina;;;;;;
113;"KG";1;Kirgisistan;;;;;;
114;"KI";1;Kiribati;;;;;;
115;"HR";1;Kroatien;;;;;;
116;"KW";1;Kuwait;;;;;;
117;"LA";1;Laos;;;;;;
118;"LS";1;Lesotho;;;;;;
119;"LV";1;Letland;;;;;;
120;"LB";1;Libanon;;;;;;
121;"LR";1;Liberia;;;;;;
122;"LY";1;Libyen;;;;;;
123;"LI";1;Liechtenstein;;;;;;
124;"LT";1;Litauen;;;;;;
125;"LU";1;Luxembourg;;;;;;
126;"MO";1;Macao;;;;;;
127;"MG";1;Madagaskar;;;;;;
128;"MW";1;Malawi;;;;;;
129;"MY";1;Malaysia;;;;;;
130;"MV";1;Maldiverne;;;;;;
131;"ML";1;Mali;;;;;;
132;"MT";1;Malta;;;;;;
133;"MA";1;Marokko;;;;;;
134;"MH";1;Marshalløerne;;;;;;
135;"MQ";1;Martinique;;;;;;
136;"MR";1;Mauretanien;;;;;;
137;"MU";1;Mauritius;;;;;;
138;"YT";1;Mayotte;;;;;;
139;"MX";1;Mexico;;;;;;
140;"FM";1;Mikronesien;;;;;;
141;"MD";1;Moldova;;;;;;
142;"MC";1;Monaco;;;;;;
143;"MN";1;Mongoliet;;;;;;
144;"ME";1;Montenegro;;;;;;
145;"MS";1;Montserrat;;;;;;
146;"MZ";1;Mozambique;;;;;;
147;"MM";1;Myanmar;;;;;;
148;"NA";1;Namibia;;;;;;
149;"NR";1;Nauru;;;;;;
150;"NL";1;Nederlandene;;;;;;
151;"NP";1;Nepal;;;;;;
152;"NZ";1;New Zealand;;;;;;
153;"NI";1;Nicaragua;;;;;;
154;"NE";1;Niger;;;;;;
155;"NG";1;Nigeria;;;;;;
156;"NU";1;Niue;;;;;;
157;"KP";1;Nordkorea;;;;;;
158;"MK";1;Nordmakedonien;;;;;;
159;"MP";1;Nordmarianerne;;;;;;
160;"NF";1;Norfolkøen;;;;;;
161;"NO";1;Norge;;;;;;
162;"NC";1;Ny Kaledonien;;;;;;
163;"OM";1;Oman;;;;;;
164;"PK";1;Pakistan;;;;;;
165;"PW";1;Palau;;;;;;
166;"PS";1;Palæstina;;;;;;
167;"PA";1;Panama;;;;;;
168;"PG";1;Papua Ny Guinea;;;;;;
169;"PY";1;Paraguay;;;;;;
170;"PE";1;Peru;;;;;;
171;"PN";1;Pitcairn;;;;;;
172;"PL";1;Polen;;;;;;
173;"PT";1;Portugal;;;;;;
174;"PR";1;Puerto Rico;;;;;;
175;"QA";1;Qatar;;;;;;
176;"RE";1;Reunion;;;;;;
177;"RO";1;Rumænien;;;;;;
178;"RU";1;Rusland;;;;;;
179;"RW";1;Rwanda;;;;;;
180;"SB";1;Salomonøerne;;;;;;
181;"WS";1;Samoa;;;;;;
182;"SM";1;San Marino;;;;;;
183;"ST";1;Sao Tome og Principe;;;;;;
184;"SA";1;Saudi-Arabien;;;;;;
185;"CH";1;Schweiz;;;;;;
186;"SN";1;Senegal;;;;;;
187;"RS";1;Serbien;;;;;;
188;"SC";1;Seychellerne;;;;;;
189;"SL";1;Sierra Leone;;;;;;
190;"SG";1;Singapore;;;;;;
191;"BL";1;Skt. Barthelemy;;;;;;
192;"SH";1;Skt. Helena;;;;;;
193;"KN";1;Skt. Kitts og Nevis;;;;;;
194;"LC";1;Skt. Lucia;;;;;;
195;"SX";1;Skt. Martin (NL);;;;;;
196;"PM";1;Skt. Pierre og Miquelon;;;;;;
197;"VC";1;Skt. Vincent og Grenadinerne;;;;;;
198;"SK";1;Slovakiet;;;;;;
199;"SI";1;Slovenien;;;;;;
200;"SO";1;Somalia;;;;;;
201;"ES";1;Spanien;;;;;;
202;"LK";1;Sri Lanka;;;;;;
203;"MF";1;St. Martin (FR);;;;;;
204;"GB";1;Storbritannien;;;;;;
205;"SD";1;Sudan;;;;;;
206;"SR";1;Surinam;;;;;;
207;"SJ";1;Svalbard og Jan Mayen;;;;;;
208;"SE";1;Sverige;;;;;;
209;"ZA";1;Sydafrika;;;;;;
210;"GS";1;Sydgeorgien og Sydsandwichøerne;;;;;;
211;"KR";1;Sydkorea;;;;;;
212;"SS";1;Sydsudan;;;;;;
213;"SY";1;Syrien;;;;;;
214;"TJ";1;Tadsjikistan;;;;;;
215;"TW";1;Taiwan;;;;;;
216;"TZ";1;Tanzania;;;;;;
217;"TD";1;Tchad;;;;;;
218;"TH";1;Thailand;;;;;;
219;"CZ";1;Tjekkiet;;;;;;
220;"TG";1;Togo;;;;;;
221;"TK";1;Tokelau;;;;;;
222;"TO";1;Tonga;;;;;;
223;"TT";1;Trinidad og Tobago;;;;;;
224;"TN";1;Tunesien;;;;;;
225;"TM";1;Turkmenistan;;;;;;
226;"TC";1;Turks- og Caicosøerne;;;;;;
227;"TV";1;Tuvalu;;;;;;
228;"TR";1;Tyrkiet;;;;;;
229;"DE";1;Tyskland;;;;;;
230;"UG";1;Uganda;;;;;;
231;"UA";1;Ukraine;;;;;;
232;"HU";1;Ungarn;;;;;;
233;"UY";1;Uruguay;;;;;;
234;"US";1;USA;;;;;;
235;"UM";1;USA's mindre øbesiddelser;;;;;;
236;"UZ";1;Usbekistan;;;;;;
237;"VU";1;Vanuatu;;;;;;
238;"VA";1;Vatikanstaten;;;;;;
239;"VE";1;Venezuela;;;;;;
240;"EH";1;Vestsahara;;;;;;
241;"VN";1;Vietnam;;;;;;
242;"WF";1;Wallis og Futuna;;;;;;
243;"YE";1;Yemen;;;;;;
244;"ZM";1;Zambia;;;;;;
245;"ZW";1;Zimbabwe;;;;;;
246;"GQ";1;Ækvatorialguinea;;;;;;
247;"AT";1;Østrig;;;;;;
248;"TL";1;Østtimor;;;;;;
249;"AX";1;Ålandsøerne;;;;;;
